{
	"instance" : {
		"testHas" : " 3/24/2017 02:22:20",
		"testPerpendicularBisector3" : " 3/24/2017 02:22:20",
		"testEqual2" : " 3/24/2017 02:22:20",
		"testBelowPoint1" : " 3/24/2017 02:22:20",
		"testBelowPoint" : " 3/24/2017 02:22:20",
		"testExtendSegmVert" : " 3/24/2017 02:22:20",
		"testAlreadyExistIn1" : " 3/24/2017 02:22:20",
		"testAsLine1" : " 3/24/2017 02:22:20",
		"testDistTo" : " 3/24/2017 02:22:20",
		"testEqual" : " 3/24/2017 02:22:20",
		"testDistTo1" : " 3/24/2017 02:22:20",
		"testIntersect2" : " 3/24/2017 02:22:20",
		"testIsOnLineWith" : " 3/24/2017 02:22:20",
		"testLength" : " 3/24/2017 02:22:20",
		"testHasPoint" : " 3/24/2017 02:22:20",
		"testMidPoint" : " 3/24/2017 02:22:20",
		"testPerpendicularBisector1" : " 3/24/2017 02:22:20",
		"testextendWithAnd1" : " 3/24/2017 02:22:20",
		"testIsOnLinePointWithRespectWith" : " 3/24/2017 02:22:20",
		"testLength1" : " 3/24/2017 02:22:20",
		"testEqual3" : " 3/24/2017 02:22:20",
		"testBelowPoint2" : " 3/24/2017 02:22:20",
		"testCutWith" : " 3/24/2017 02:22:20",
		"testAlreadyExistIn" : " 3/24/2017 02:22:20",
		"testIntersect" : " 3/24/2017 02:22:20",
		"testPerpendicularBisector" : " 3/24/2017 02:22:20",
		"testAsLine2" : " 3/24/2017 02:22:20",
		"testEqual1" : " 3/24/2017 02:22:20",
		"testIntersectionPointWithVector" : " 3/24/2017 02:22:20",
		"testDistTo2" : " 3/24/2017 02:22:20",
		"testPerpendicularBisector2" : " 3/24/2017 02:22:20",
		"testIntersect1" : " 3/24/2017 02:22:20",
		"testextendWithAnd" : " 3/24/2017 02:22:20",
		"testAsLine" : " 3/24/2017 02:22:20",
		"testDist1" : "AlexandreBergel 3/31/2017 16:36",
		"testMidPoint1" : " 3/24/2017 02:22:20"
	},
	"class" : { }
}