{
	"instance" : {
		"intersectCircle:" : " 3/24/2017 02:22:20",
		"finiteLinesIntersectFrom:to:" : " 3/24/2017 02:22:20",
		"intersect:" : " 3/24/2017 02:22:20",
		"pointForBalance:" : " 3/24/2017 02:22:20",
		"transposed" : " 3/24/2017 02:22:20",
		"intersectVertical:" : " 3/24/2017 02:22:20",
		"right" : " 3/24/2017 02:22:20",
		"top" : " 3/24/2017 02:22:20",
		"intersectEllipse:" : " 3/24/2017 02:22:20",
		"to" : " 3/24/2017 02:22:20",
		"initialize" : " 3/24/2017 02:22:20",
		"from:" : " 3/24/2017 02:22:20",
		"parameters" : " 3/24/2017 02:22:20",
		"intersectHorizontal:" : " 3/24/2017 02:22:20",
		"intersectEllipseOld:" : " 3/24/2017 02:22:20",
		"length" : " 3/24/2017 02:22:20",
		"to:" : " 3/24/2017 02:22:20",
		"tan" : " 3/24/2017 02:22:20",
		"intersectLines:" : " 3/24/2017 02:22:20",
		"sideOfPoint:" : " 3/24/2017 02:22:20",
		"angleInDeg" : " 3/24/2017 02:22:20",
		"cotan" : " 3/24/2017 02:22:20",
		"hash" : " 3/24/2017 02:22:20",
		"intersectRectangle:" : " 3/24/2017 02:22:20",
		"from:to:" : " 3/24/2017 02:22:20",
		"isHorizontal" : " 3/24/2017 02:22:20",
		"intersectLine:" : " 3/24/2017 02:22:20",
		"intersectHorizontalLine:" : " 3/24/2017 02:22:20",
		"from" : " 3/24/2017 02:22:20",
		"left" : " 3/24/2017 02:22:20",
		"isVertical" : " 3/24/2017 02:22:20",
		"vector" : " 3/24/2017 02:22:20",
		"intersectVerticalLine:" : " 3/24/2017 02:22:20",
		"sintersectEllipse:" : " 3/24/2017 02:22:20",
		"=" : " 3/24/2017 02:22:20",
		"a" : " 3/24/2017 02:22:20",
		"intersectEllipseOlder:" : " 3/24/2017 02:22:20",
		"intersection:" : " 3/24/2017 02:22:20",
		"intersectPolygon:" : " 3/24/2017 02:22:20",
		"intersectCircleArc:" : " 3/24/2017 02:22:20",
		"b" : " 3/24/2017 02:22:20",
		"angleInRad" : " 3/24/2017 02:22:20",
		"c" : " 3/24/2017 02:22:20",
		"bottom" : " 3/24/2017 02:22:20"
	},
	"class" : {
		"from:to:" : " 3/24/2017 02:22:20"
	}
}