{
	"class" : {
		"empty" : "jf 7/10/2011 23:48",
		"new" : "jf 7/10/2011 23:49",
		"receiver:selector:" : "jf 7/10/2011 23:33",
		"receiver:selector:argument:" : "pmm 1/10/2009 23:44",
		"receiver:selector:arguments:" : "jf 7/10/2011 23:33" },
	"instance" : {
		"argumentCount" : "jf 7/10/2011 23:32",
		"fixCallbackTemps" : "lr 1/11/2009 11:44",
		"initializeWithReceiver:message:" : "jf 7/10/2011 23:23",
		"printOn:" : "jf 7/10/2011 23:23",
		"value" : "lr 1/11/2009 11:45",
		"value:" : "lr 1/11/2009 11:45",
		"value:value:" : "lr 1/11/2009 11:46",
		"valueWithArguments:" : "jf 7/10/2011 23:24",
		"valueWithPossibleArguments:" : "jf 7/10/2011 23:24" } }
