{
	"class" : {
		 },
	"instance" : {
		"character:" : "lr 1/23/2009 21:40",
		"initialize" : "lr 2/6/2010 10:11",
		"length:" : "lr 1/23/2009 22:00",
		"padCenter" : "lr 1/23/2009 22:01",
		"padLeft" : "lr 1/23/2009 22:02",
		"padNone" : "lr 2/6/2010 10:11",
		"padRight" : "lr 1/23/2009 22:01",
		"print:on:" : "lr 2/6/2010 10:10",
		"trimBoth" : "lr 1/23/2009 21:59",
		"trimLeft" : "lr 1/23/2009 21:59",
		"trimNone" : "lr 2/6/2010 10:11",
		"trimRight" : "lr 1/23/2009 21:59" } }
