{
	"class" : {
		"major:" : "jf 2/8/2010 23:14",
		"major:minor:" : "jf 2/8/2010 23:14",
		"major:minor:revision:" : "jf 2/8/2010 23:08",
		"new" : "jf 2/9/2010 01:01" },
	"instance" : {
		"<" : "jf 2/9/2010 00:18",
		"<=" : "jf 2/9/2010 00:06",
		"=" : "jf 2/9/2010 00:16",
		">" : "jf 2/9/2010 00:07",
		">=" : "jf 2/9/2010 00:07",
		"beAlpha" : "jf 2/8/2010 23:18",
		"beAlpha:" : "jf 2/8/2010 23:18",
		"beBeta" : "jf 2/8/2010 23:18",
		"beBeta:" : "jf 2/8/2010 23:18",
		"beFinal" : "jf 2/9/2010 00:35",
		"beReleaseCandidate" : "jf 5/22/2010 23:38",
		"beReleaseCandidate:" : "jf 5/22/2010 23:37",
		"greaseString" : "pmm 1/22/2012 16:32",
		"hash" : "lr 2/16/2010 20:55",
		"initializeWithMajor:minor:revision:" : "jf 2/8/2010 23:08",
		"isAlpha" : "jf 2/9/2010 00:34",
		"isBeta" : "jf 2/9/2010 00:34",
		"isFinal" : "jf 2/9/2010 00:34",
		"isReleaseCandidate" : "jf 5/22/2010 23:38",
		"major" : "jf 2/8/2010 23:16",
		"major:" : "jf 2/8/2010 23:16",
		"minor" : "jf 2/8/2010 23:16",
		"minor:" : "jf 2/8/2010 23:17",
		"revision" : "jf 2/8/2010 23:16",
		"revision:" : "jf 2/8/2010 23:17",
		"stage" : "jf 2/9/2010 00:01",
		"stage:number:" : "jf 2/8/2010 23:17",
		"stageNumber" : "jf 2/9/2010 00:01" } }
