{
	"class" : {
		"new" : "pmm 8/25/2016 14:29",
		"new:" : "pmm 8/25/2016 14:29",
		"withAll:" : "pmm 8/25/2016 14:29" },
	"instance" : {
		"add:" : "pmm 8/25/2016 14:34",
		"addAll:" : "pmm 8/25/2016 14:24",
		"do:" : "pmm 8/25/2016 14:05",
		"do:separatedBy:" : "pmm 8/25/2016 15:31",
		"errorNotFound" : "pmm 8/25/2016 14:41",
		"findIndexFor:" : "pmm 8/25/2016 14:13",
		"grow" : "pmm 8/25/2016 14:27",
		"includes:" : "pmm 8/25/2016 14:15",
		"initialize:" : "pmm 8/25/2016 14:28",
		"isCollection" : "pmm 8/26/2016 15:36",
		"isEmpty" : "pmm 8/25/2016 13:48",
		"postCopy" : "pmm 8/25/2016 14:47",
		"privateAdd:" : "pmm 8/25/2016 14:31",
		"remove:" : "pmm 8/25/2016 14:43",
		"remove:ifAbsent:" : "pmm 8/25/2016 14:42",
		"removeIndex:" : "pmm 8/25/2016 14:40",
		"size" : "pmm 8/25/2016 13:47" } }
