{
	"class" : {
		"initialize" : "DataCurator 08/31/2011 03:36",
		"unload" : "dkh 11/06/2009 08:41" },
	"instance" : {
		"addToShutDownList:" : "dkh 11/06/2009 08:41",
		"addToStartUpList:" : "dkh 11/06/2009 08:41",
		"asMethodReturningByteArray:named:" : "dkh 11/06/2009 08:41",
		"asMethodReturningString:named:" : "dkh 04/25/2011 20:21",
		"base64Decode:" : "dkh 11/06/2009 08:41",
		"compile:into:classified:" : "dkh 11/06/2009 08:41",
		"contentsOfFile:binary:" : "JohanBrichau 10/11/2014 02:26",
		"defaultDispatcherName" : "dkh 11/06/2009 08:41",
		"deprecationExceptionSet" : "JohanBrichau 04/19/2014 10:55",
		"directoriesIn:" : "JohanBrichau 02/15/2014 07:02",
		"doAbortTransaction" : "dkh 11/06/2009 08:41",
		"doBeginTransaction" : "dkh 11/06/2009 08:41",
		"doCommitTransaction" : "dkh 11/06/2009 08:41",
		"doTransaction:" : "dkh 12/21/2014 16:11",
		"ensureExistenceOfFolder:" : "DaleHenrichs 12/03/2010 16:28",
		"fileExists:" : "JohanBrichau 10/11/2014 02:18",
		"fileStreamOn:do:binary:" : "JohanBrichau 10/11/2014 02:27",
		"filesIn:" : "DaleHenrichs 09/02/2010 15:45",
		"isProcessTerminated:" : "dkh 11/06/2009 08:41",
		"label" : "DaleHenrichs 06/02/2010 16:39",
		"localNameOf:" : "DaleHenrichs 01/17/2011 16:26",
		"logError:title:" : "dkh 07/26/2011 09:18",
		"logError:title:shouldCommit:" : "dkh 07/26/2011 09:18",
		"newRandom" : "DaleHenrichs 11/08/2010 15:10",
		"newline" : "DaleHenrichs 07/27/2010 11:42",
		"openDebuggerOn:" : "dkh 11/06/2009 08:41",
		"pathSeparator" : "NickAger 08/15/2011 17:09",
		"readWriteByteStream" : "dkh 11/06/2009 08:41",
		"readWriteCharacterStream" : "dkh 11/06/2009 08:41",
		"reducedConflictDictionary" : "dkh 11/06/2009 08:41",
		"removeFromShutDownList:" : "dkh 11/06/2009 08:41",
		"removeFromStartUpList:" : "dkh 11/06/2009 08:41",
		"removeSelector:from:" : "dkh 11/06/2009 08:41",
		"saveLogEntry:shouldCommit:" : "dkh 12/23/2009 12:23",
		"secureHashFor:" : "dkh 11/06/2009 08:41",
		"semaphoreClass" : "dkh 11/06/2009 08:41",
		"smtpServer" : "dkh 11/06/2009 08:41",
		"stackDepth" : "DaleHenrichs 01/18/2011 12:47",
		"terminateProcess:" : "dkh 11/06/2009 08:41",
		"transactionMutex" : "dkh 11/06/2009 08:41",
		"weakDictionaryOfSize:" : "dkh 11/06/2009 08:41",
		"write:toFile:inFolder:" : "DaleHenrichs 12/03/2010 16:29",
		"writeCharacterStreamOn:" : "dkh 09/14/2013 09:46" } }
