{
	"instance" : {
		"testExtendBy0" : " 3/24/2017 02:22:20",
		"testCutWith" : " 3/24/2017 02:22:20",
		"testExtendBy3" : " 3/24/2017 02:22:20",
		"testExtendBy" : " 3/24/2017 02:22:20",
		"testLength" : " 3/24/2017 02:22:20",
		"testExtendBy5" : " 3/24/2017 02:22:20",
		"testHas" : " 3/24/2017 02:22:20",
		"testHasPoint" : " 3/24/2017 02:22:20",
		"testFlipped" : " 3/24/2017 02:22:20",
		"testHasPoint2" : " 3/24/2017 02:22:20",
		"testExtendBy4" : " 3/24/2017 02:22:20",
		"testExtendBy1" : " 3/24/2017 02:22:20",
		"testHasPoint1" : " 3/24/2017 02:22:20",
		"test1" : " 3/24/2017 02:22:20",
		"testMultiply" : " 3/24/2017 02:22:20",
		"test" : " 3/24/2017 02:22:20"
	},
	"class" : { }
}