{
	"instance" : {
		"crlf" : "pmm 4/10/2010 13:28",
		"next" : "pmm 2/17/2010 20:09",
		"invalidUtf8" : "jf 9/30/2009 00:39",
		"greaseNext:putAllFast:startingAt:" : "pmm 5/21/2014 21:28",
		"greaseNext:putAll:startingAt:" : "pmm 8/15/2011 21:32",
		"encodeDefault:" : "lr 7/25/2011 18:36",
		"nextPut:" : "lr 7/25/2011 19:51",
		"nextPutAll:" : "pmm 4/10/2010 13:28",
		"next:" : "pmm 8/25/2016 11:00",
		"encodeFast:" : "pmm 8/25/2016 11:00"
	},
	"class" : {
		"initialize" : "lr 7/25/2011 19:46"
	}
}