{
	"class" : {
		"initialize" : "lr 7/25/2011 19:46" },
	"instance" : {
		"crlf" : "pmm 4/10/2010 13:28",
		"encodeDefault:" : "lr 7/25/2011 18:36",
		"encodeFast:" : "pmm 9/1/2012 15:25",
		"greaseNext:putAll:startingAt:" : "pmm 5/21/2014 21:33",
		"greaseNext:putAllFast:startingAt:" : "pmm 5/21/2014 21:19",
		"invalidUtf8" : "jf 9/30/2009 00:39",
		"next" : "pmm 2/17/2010 20:09",
		"next:" : "pmm 9/1/2012 15:25",
		"nextPut:" : "lr 7/25/2011 19:51",
		"nextPutAll:" : "pmm 4/10/2010 13:28" } }
