{
	"class" : {
		"new" : "lr 1/24/2008 12:34",
		"new:" : "jf 3/13/2009 18:19",
		"withAll:" : "jf 2/15/2010 22:50" },
	"instance" : {
		"add:" : "lr 7/25/2011 19:51",
		"addAll:" : "pmm 8/25/2016 12:31",
		"associations" : "lr 10/28/2007 14:42",
		"associationsDo:" : "lr 8/20/2007 13:45",
		"at:" : "lr 10/28/2007 14:42",
		"at:ifAbsent:" : "pmm 8/22/2016 12:08",
		"at:ifAbsentPut:" : "pmm 8/22/2016 12:09",
		"at:ifPresent:" : "pmm 8/22/2016 12:09",
		"at:put:" : "pmm 8/22/2016 12:09",
		"do:" : "pmm 8/22/2016 12:02",
		"errorKeyNotFound" : "lr 7/12/2007 13:18",
		"findIndexFor:" : "pmm 8/22/2016 12:17",
		"grow" : "pmm 8/25/2016 11:00",
		"includesKey:" : "lr 10/28/2007 14:42",
		"initialize:" : "pmm 8/22/2016 11:52",
		"isCollection" : "jf 2/15/2010 15:47",
		"isEmpty" : "lr 7/9/2007 08:13",
		"keys" : "pmm 8/22/2016 12:33",
		"keysAndValuesDo:" : "pmm 8/25/2016 15:04",
		"keysDo:" : "pmm 8/22/2016 12:18",
		"postCopy" : "pmm 8/22/2016 11:56",
		"printOn:" : "pmm 1/22/2012 16:32",
		"privateAt:put:" : "pmm 8/22/2016 12:15",
		"removeIndex:" : "pmm 8/22/2016 12:29",
		"removeKey:" : "lr 7/12/2007 13:18",
		"removeKey:ifAbsent:" : "jf 2/15/2010 14:40",
		"size" : "lr 7/9/2007 10:38",
		"values" : "pmm 8/22/2016 12:34" } }
