{
	"instance" : {
		"origin" : " 3/24/2017 02:22:20",
		"extendBy1:" : " 3/24/2017 02:22:20",
		"asSegment" : " 3/24/2017 02:22:20",
		"=" : " 3/24/2017 02:22:20",
		"cutWith:" : " 3/24/2017 02:22:20",
		"direction:" : " 3/24/2017 02:22:20",
		"initialize" : " 3/24/2017 02:22:20",
		"asLine" : " 3/24/2017 02:22:20",
		"initializeWithOrigin:direction:" : " 3/24/2017 02:22:20",
		"+" : " 3/24/2017 02:22:20",
		"extendWith:" : " 3/24/2017 02:22:20",
		"direction" : " 3/24/2017 02:22:20",
		"flipped" : " 3/24/2017 02:22:20",
		"extendBy:" : " 3/24/2017 02:22:20",
		"hasPoint:" : " 3/24/2017 02:22:20",
		"hash" : " 3/24/2017 02:22:20",
		"length" : " 3/24/2017 02:22:20",
		"*" : " 3/24/2017 02:22:20"
	},
	"class" : {
		"new" : " 3/24/2017 02:22:20",
		"origin:direction:" : " 3/24/2017 02:22:20"
	}
}