{
	"class" : {
		"initialize" : "pmm 5/20/2010 11:49",
		"initializeUrlTable" : "pmm 5/20/2010 20:56",
		"initializeXmlTable" : "pmm 5/20/2010 20:56",
		"unload" : "jf 1/22/2009 02:45" },
	"instance" : {
		"addToShutDownList:" : "jf 1/21/2009 17:31",
		"addToStartUpList:" : "jf 1/21/2009 17:31",
		"asMethodReturningByteArray:named:" : "lr 7/25/2011 19:51",
		"asMethodReturningByteArrayLiteral:named:" : "lr 7/25/2011 19:51",
		"asMethodReturningByteArrayWithCache:named:" : "pmm 2/20/2009 17:44",
		"base64Decode:" : "jf 1/21/2009 17:31",
		"bindingOf:" : "pmm 8/23/2014 11:42",
		"compile:into:classified:" : "pmm 8/13/2010 11:52",
		"contentsOfFile:binary:" : "lr 7/25/2011 19:51",
		"deprecationExceptionSet" : "pmm 2/16/2014 23:12",
		"directoriesIn:" : "NickAger 3/9/2012 11:33",
		"doSilently:" : "JohanBrichau 9/10/2013 11:39",
		"ensureExistenceOfFolder:" : "jf 1/21/2009 17:31",
		"fileExists:" : "pmm 7/16/2015 16:36",
		"fileStreamOn:do:binary:" : "pmm 7/16/2015 16:39",
		"filesIn:" : "lr 7/25/2011 19:51",
		"isProcessTerminated:" : "jf 2/6/2009 15:58",
		"label" : "jf 2/9/2010 00:56",
		"localNameOf:" : "lr 7/25/2011 19:51",
		"newRandom" : "pmm 10/7/2010 13:10",
		"newline" : "pmm 9/14/2013 09:56",
		"openDebuggerOn:" : "pmm 1/22/2012 16:31",
		"pathSeparator" : "pmm 2/5/2011 09:52",
		"readWriteByteStream" : "lr 11/20/2011 17:16",
		"readWriteCharacterStream" : "dkh 9/4/2009 09:14",
		"removeFromShutDownList:" : "jf 1/21/2009 17:31",
		"removeFromStartUpList:" : "jf 1/21/2009 17:31",
		"removeSelector:from:" : "jf 1/21/2009 17:31",
		"secureHashFor:" : "jf 1/21/2009 17:31",
		"semaphoreClass" : "lr 7/25/2011 19:51",
		"stackDepth" : "jf 1/21/2009 17:31",
		"terminateProcess:" : "jf 2/6/2009 15:59",
		"useByteArrayLiterals" : "pmm 2/11/2011 07:27",
		"weakDictionaryOfSize:" : "lr 7/25/2011 19:51",
		"write:toFile:inFolder:" : "pmm 8/19/2014 10:11",
		"writeCharacterStreamOn:" : "pmm 8/26/2011 09:45" } }
