type	id	url	url_linksdir	title	description	pmid	twitter	wikipedia	category	journal	related_link	tag	set
tool	9285	http://www.biophp.org/	https://bioinformatics.ca/links_directory/tool/9285/biophp	BioPHP	Open Source PHP code for bioinformatics. Includes functions and minitools (copy and paste one page scripts for basic tasks in bioinformatics. A wiki-like service allows modification and improvement of code.			http://en.wikipedia.org/wiki/BioPHP	category_id:89812;category_name:Bio-* Programming Tools;category_path:Computer Related > Bio-* Programming Tools;category_id:89795;category_name:PHP;category_path:Computer Related > PHP
resource	10746	http://www.ncbi.nlm.nih.gov/books/NBK25500/	https://bioinformatics.ca/links_directory/resource/10746/entrez-programming-utilities	Entrez Programming Utilities	The Entrez Programming Utilities provide a method of linking to Entrez and querying the Entrez database outside of the regular web interface.  Users can access the utilities via a web address, or via a Simple Object Access Protocol (SOAP) interface.				category_id:89796;category_name:Web Development;category_path:Computer Related > Web Development
resource	11194	http://www.w3.org/	https://bioinformatics.ca/links_directory/resource/11194/w3corg	w3c.org	The world wide web consortium. Keep up to date with new internet standards.		W3C		category_id:89796;category_name:Web Development;category_path:Computer Related > Web Development
resource	28615	http://www.pubtex.info/	https://bioinformatics.ca/links_directory/resource/28615/pubtex	PubTeX	PubTeX is a tool which lets you convert all PubMed IDs in your latex file/document to bibtex as well as generate the latex inline citations.				category_id:89796;category_name:Web Development;category_path:Computer Related > Web Development
tool	9286	http://www.bioperl.org/	https://bioinformatics.ca/links_directory/tool/9286/bioperl	BioPerl	The BioPerl Project is an international association of developers of open source Perl tools for bioinformatics, genomics and life science research.	12368254;12230038	bioperl	http://en.wikipedia.org/wiki/BioPerl	category_id:89812;category_name:Bio-* Programming Tools;category_path:Computer Related > Bio-* Programming Tools;category_id:89800;category_name:PERL;category_path:Computer Related > PERL		9931;12192;9332;10256;9278;9290;9829;9794		set_id:3589;set_name:Open Bioinformatics Foundation Set
resource	11199	http://www.pasteur.fr/recherche/unites/sis/formation/bioperl/	https://bioinformatics.ca/links_directory/resource/11199/bioperl-course	BioPerl course	Great tutorial for those interested in the bioperl group of modules.				category_id:89812;category_name:Bio-* Programming Tools;category_path:Computer Related > Bio-* Programming Tools;category_id:89800;category_name:PERL;category_path:Computer Related > PERL
resource	11201	http://perl.com	https://bioinformatics.ca/links_directory/resource/11201/perlcom	Perl.com	The homepage of the perl programming language.				category_id:89800;category_name:PERL;category_path:Computer Related > PERL
resource	11202	http://www.perlmonks.org/	https://bioinformatics.ca/links_directory/resource/11202/perl-monks	Perl Monks	Perl community site			http://en.wikipedia.org/wiki/Perl_Monks	category_id:89800;category_name:PERL;category_path:Computer Related > PERL
resource	11203	http://www.perl.org/	https://bioinformatics.ca/links_directory/resource/11203/perl-mongers	Perl Mongers	Perl Mongers - The Perl advocacy people.				category_id:89800;category_name:PERL;category_path:Computer Related > PERL
tool	9279	http://bioknoppix.hpcf.upr.edu/	https://bioinformatics.ca/links_directory/tool/9279/bioknoppix	BIOKNOPPIX	BIOKNOPPIX is a live distribution of the Linux operating system that can be run from a CD drive (see also KNOPPIX).  BIOKNOPPIX is loaded with bioinformatics applications.				category_id:89810;category_name:Linux/Unix;category_path:Computer Related > Linux/Unix
tool	9280	http://nebc.nerc.ac.uk/tools/bio-linux	https://bioinformatics.ca/links_directory/tool/9280/bio-linux	Bio-Linux	A bioinformatics-centric distribution based on Ubuntu LTS, with a public repository of pre-compiled bioinformatics packages in DEB format. Over 100 packages including BLAST+, EMBOSS, Qiime, Mothur, Ampliconnoise.				category_id:89810;category_name:Linux/Unix;category_path:Computer Related > Linux/Unix
tool	9666	http://www.knoppix.net/	https://bioinformatics.ca/links_directory/tool/9666/knoppix	Knoppix	Knoppix is a GNU/Linux distribution that boots and runs completely from cd. It includes recent linux software and desktop environments, with programs such as OpenOffice.org, Abiword, The Gimp, Konqueror, Mozilla, and hundreds of other quality open source programs.			http://en.wikipedia.org/wiki/Knoppix	category_id:89810;category_name:Linux/Unix;category_path:Computer Related > Linux/Unix
tool	9930	http://bioinformatics.org/vlinux/	https://bioinformatics.ca/links_directory/tool/9930/vlinux	VLinux	VLinux is a bootable Linux distribution based on Knoppix.  It does not require installation, and contains several bioinformatics software packages including EMBOSS, Phylip, ClustalX, HMMER and Rasmol.		vlinuxapp		category_id:89810;category_name:Linux/Unix;category_path:Computer Related > Linux/Unix
resource	11217	http://linux.com	https://bioinformatics.ca/links_directory/resource/11217/linuxcom	Linux.com	This site has great tutorials and links to other linux sites, supported by the OSDN.		linuxfoundation	http://en.wikipedia.org/wiki/Linux.com	category_id:89810;category_name:Linux/Unix;category_path:Computer Related > Linux/Unix
resource	11218	http://www.dsl.org/cookbook/	https://bioinformatics.ca/links_directory/resource/11218/linux-cookbook	The Linux Cookbook	Tips and techniques for everyday use.				category_id:89810;category_name:Linux/Unix;category_path:Computer Related > Linux/Unix
resource	11224	http://www.ee.surrey.ac.uk/Teaching/Unix/	https://bioinformatics.ca/links_directory/resource/11224/unix-tutorial-beginners	UNIX Tutorial for Beginners	Excellent tutorial for unix beginners.				category_id:89810;category_name:Linux/Unix;category_path:Computer Related > Linux/Unix
resource	11279	http://www.linux.com/	https://bioinformatics.ca/links_directory/resource/11279/linux-online	Linux Online	Comprehensive information and resources about the Linux Operating System.		linuxfoundation	http://en.wikipedia.org/wiki/Linux	category_id:89810;category_name:Linux/Unix;category_path:Computer Related > Linux/Unix
resource	11280	http://www.distrowatch.com/	https://bioinformatics.ca/links_directory/resource/11280/linux-distrowatch	Linux DistroWatch	This site is an attempt to provide a basic feature list and a package comparison table of major, minor and regional Linux distributions. It is updated daily with news from the Linux distribution world.				category_id:89810;category_name:Linux/Unix;category_path:Computer Related > Linux/Unix
database	11401	http://www.tldp.org/	https://bioinformatics.ca/links_directory/database/11401/linux-documentation-project	Linux Documentation Project	The Linux Documentation Project is a repository of Linux documentation including documents about individual software, HOWTO documents, FAQs, and more.			http://en.wikipedia.org/wiki/Linux_Documentation_Project	category_id:89810;category_name:Linux/Unix;category_path:Computer Related > Linux/Unix
tool	9272	http://www.bioconductor.org/	https://bioinformatics.ca/links_directory/tool/9272/bioconductor	Bioconductor	Bioconductor is an open source and open development software project that aims to provide access to a wide range of powerful statistical and graphical methods for the analysis of genomic data.	15461798;12664684;14988118;15297301	bioconductor	http://en.wikipedia.org/wiki/Bioconductor	category_id:89812;category_name:Bio-* Programming Tools;category_path:Computer Related > Bio-* Programming Tools;category_id:89850;category_name:Math and Statistics;category_path:Computer Related > Math and Statistics;category_id:89846;category_name:Transcript Expression Analysis;category_path:Expression > Transcript Expression Analysis		9931;13391;13389;12064;9731;12742;12158;11303;11352;10624;10523;10483;10735;10435;9251;10261;10256;9321;9238;10000;9923;9885;10736;10741;10738;10737;10742;10740
tool	9278	http://www.biojava.org/	https://bioinformatics.ca/links_directory/tool/9278/biojava	BioJava	The BioJava Project is an open-source project dedicated to providing Java tools for processing biological data.	12230038		http://en.wikipedia.org/wiki/BioJava	category_id:89812;category_name:Bio-* Programming Tools;category_path:Computer Related > Bio-* Programming Tools;category_id:89837;category_name:Java;category_path:Computer Related > Java		9332;10256;9290;9829;9286		set_id:3589;set_name:Open Bioinformatics Foundation Set
tool	9284	http://biomoby.org/	https://bioinformatics.ca/links_directory/tool/9284/biomoby	BioMoby	BioMOBY is an international research project involving biological data hosts, biological data service providers, and coders whose aim is to explore various methodologies for biological data representation, distribution, and discovery.	12511062;19151099;18373957		http://en.wikipedia.org/wiki/BioMOBY	category_id:89812;category_name:Bio-* Programming Tools;category_path:Computer Related > Bio-* Programming Tools		13547;13500;13481;13435;10438;11303;12192;11789;11329;11326;9294;10179	tag_id:67;tag_name:database management systems;tag_id:17;tag_name:humans;tag_id:1293;tag_name:international cooperation;tag_id:42;tag_name:nucleic acid databases	set_id:3589;set_name:Open Bioinformatics Foundation Set
tool	9285	http://www.biophp.org/	https://bioinformatics.ca/links_directory/tool/9285/biophp	BioPHP	Open Source PHP code for bioinformatics. Includes functions and minitools (copy and paste one page scripts for basic tasks in bioinformatics. A wiki-like service allows modification and improvement of code.			http://en.wikipedia.org/wiki/BioPHP	category_id:89812;category_name:Bio-* Programming Tools;category_path:Computer Related > Bio-* Programming Tools;category_id:89795;category_name:PHP;category_path:Computer Related > PHP
tool	9286	http://www.bioperl.org/	https://bioinformatics.ca/links_directory/tool/9286/bioperl	BioPerl	The BioPerl Project is an international association of developers of open source Perl tools for bioinformatics, genomics and life science research.	12368254;12230038	bioperl	http://en.wikipedia.org/wiki/BioPerl	category_id:89812;category_name:Bio-* Programming Tools;category_path:Computer Related > Bio-* Programming Tools;category_id:89800;category_name:PERL;category_path:Computer Related > PERL		9931;12192;9332;10256;9278;9290;9829;9794		set_id:3589;set_name:Open Bioinformatics Foundation Set
tool	9290	http://biopython.org/	https://bioinformatics.ca/links_directory/tool/9290/biopython	BioPython	The Biopython Project is an international association of developers of freely available Python tools for computational molecular biology.	14630660;12230038	biopython	http://en.wikipedia.org/wiki/Biopython	category_id:89812;category_name:Bio-* Programming Tools;category_path:Computer Related > Bio-* Programming Tools		21338;11281;10624;9332;10359;10268;10256;9278;9955;9829;9286;9291		set_id:3589;set_name:Open Bioinformatics Foundation Set
tool	9291	http://bioruby.org/	https://bioinformatics.ca/links_directory/tool/9291/bioruby	BioRuby	The BioRuby project aims to implement an integrated environment for bioinformatics with Ruby.	20739307		http://en.wikipedia.org/wiki/BioRuby	category_id:89812;category_name:Bio-* Programming Tools;category_path:Computer Related > Bio-* Programming Tools		13502;12337;11823;11328;11189;10624;9290		set_id:3589;set_name:Open Bioinformatics Foundation Set
tool	9297	http://www.r-project.org/	https://bioinformatics.ca/links_directory/tool/9297/r	R	System for statistical computation and graphics; an interpreted computer language which allows branching and looping as well as modular programming using functions.			http://en.wikipedia.org/wiki/R_(programming_language)	category_id:89812;category_name:Bio-* Programming Tools;category_path:Computer Related > Bio-* Programming Tools;category_id:89850;category_name:Math and Statistics;category_path:Computer Related > Math and Statistics
tool	9332	http://sourceforge.net/projects/orb-cct	https://bioinformatics.ca/links_directory/tool/9332/cct	CCT	CCT (Current Comparative Table) is a software package that you can install and set-up on your own system to help you to maintain and search databases.	15980582			category_id:89812;category_name:Bio-* Programming Tools;category_path:Computer Related > Bio-* Programming Tools	id:10730;name:NAR Web Server Issue 2005	10072;10073;9278;9234;10211;10256;10477;9633;13729;9290;9931;10015;9286;9622;11911;11237;10633;10503	tag_id:46;tag_name:computational biology;tag_id:44;tag_name:genomics;tag_id:42;tag_name:nucleic acid databases;tag_id:13;tag_name:protein databases
tool	9736	http://www.ncbi.nlm.nih.gov/books/bv.fcgi?call=bv.View..ShowTOC&rid=toolkit.TOC&depth=2	https://bioinformatics.ca/links_directory/tool/9736/ncbi-c-toolkit	NCBI C++ toolkit	The NCBI C++ Toolkit is a collection of C++ modules developed by the NCBI for writing bioinformatics software and applications.		NCBI		category_id:89812;category_name:Bio-* Programming Tools;category_path:Computer Related > Bio-* Programming Tools;category_id:89836;category_name:C/C++;category_path:Computer Related > C/C++				set_id:3580;set_name:National Center for Biotechnology Information (NCBI) Set
tool	9756	http://ensembl.org/info/data/api.html	https://bioinformatics.ca/links_directory/tool/9756/ensembl-api	Ensembl API	Ensembl is a freely available software system for genomic analysis. The documentation page at Ensembl is the best place to get information on the Ensembl application programming interface (API).  In particular, the tutorial document includes lots of examples of scripts and exercises for you to try.				category_id:89812;category_name:Bio-* Programming Tools;category_path:Computer Related > Bio-* Programming Tools
tool	9783	http://pymol.org/	https://bioinformatics.ca/links_directory/tool/9783/pymol	PyMOL	PyMOL is a molecular graphics system with an embedded Python interpreter designed for real-time visualization and rapid generation of high-quality molecular graphics images and animations.			http://en.wikipedia.org/wiki/PyMOL	category_id:89812;category_name:Bio-* Programming Tools;category_path:Computer Related > Bio-* Programming Tools
resource	11189	http://www.biopax.org/	https://bioinformatics.ca/links_directory/resource/11189/biopax	BioPax	The BioPAX web site provides information about a collaborative effort to create a data exchange format for biological pathways.	20829833			category_id:89812;category_name:Bio-* Programming Tools;category_path:Computer Related > Bio-* Programming Tools		13596;13529;13417;13396;11823;11281;10070;9291
resource	11199	http://www.pasteur.fr/recherche/unites/sis/formation/bioperl/	https://bioinformatics.ca/links_directory/resource/11199/bioperl-course	BioPerl course	Great tutorial for those interested in the bioperl group of modules.				category_id:89812;category_name:Bio-* Programming Tools;category_path:Computer Related > Bio-* Programming Tools;category_id:89800;category_name:PERL;category_path:Computer Related > PERL
resource	11281	http://www.sbml.org/	https://bioinformatics.ca/links_directory/resource/11281/systems-biology-markup-language-sbml	Systems Biology Markup Language (SBML)	The Systems Biology Markup Language (SBML) is a computer-readable format for representing models of biochemical reaction networks. SBML is applicable to metabolic networks, cell-signaling pathways, genomic regulatory networks, and many other areas in systems biology.	12611808	sbmlnews	http://en.wikipedia.org/wiki/SBML	category_id:89812;category_name:Bio-* Programming Tools;category_path:Computer Related > Bio-* Programming Tools		9878;11823;11189;9290;9753;9550	tag_id:210;tag_name:biological models;tag_id:152;tag_name:chemical models;tag_id:381;tag_name:controlled vocabulary;tag_id:67;tag_name:database management systems;tag_id:326;tag_name:documentation;tag_id:1382;tag_name:factual databases;tag_id:139;tag_name:gene expression regulation;tag_id:245;tag_name:metabolism;tag_id:328;tag_name:programming languages;tag_id:107;tag_name:software design;tag_id:234;tag_name:terminology as topic
resource	11296	http://genomics.senescence.info/index.html	https://bioinformatics.ca/links_directory/resource/11296/human-ageing-genomic-resources	Human Ageing Genomic Resources	The Human Ageing Genomic Resources (HAGR) website provides tools and curated databases relevant to the genetics of human ageing.  GenAge is a database of genes related to human ageing, and AnAge is a multi-species database facilitating the comparative biology of ageing.  The Ageing Research Computational Tools (ARCT) is a collection of Perl modules to assist comparative genomics research.				category_id:89812;category_name:Bio-* Programming Tools;category_path:Computer Related > Bio-* Programming Tools;category_id:89818;category_name:Other Resources;category_path:Human Genome > Other Resources
resource	11314	http://www.open-bio.org/	https://bioinformatics.ca/links_directory/resource/11314/open-bioinformatics-foundation	Open Bioinformatics Foundation	The Open Bioinformatics Foundation is a non profit, volunteer run organization focused on supporting open source programming in bioinformatics.		obf_news	http://en.wikipedia.org/wiki/Open_Bioinformatics_Foundation	category_id:89812;category_name:Bio-* Programming Tools;category_path:Computer Related > Bio-* Programming Tools;category_id:89819;category_name:Community;category_path:Education > Community				set_id:3589;set_name:Open Bioinformatics Foundation Set
resource	11186	http://biodas.org/	https://bioinformatics.ca/links_directory/resource/11186/biodas	BioDAS	This site is the center of development of an Open Source system for exchanging annotations on genomic sequence data.	11667947			category_id:89812;category_name:Bio-* Programming Tools;category_path:Computer Related > Bio-* Programming Tools		11718;12064;11303;11924;11355;11352;11237;10735;10394;10366;10348;10238;9329;9824;10736;10741;10738;10737;10742;10740	tag_id:2;tag_name:base sequence;tag_id:46;tag_name:computational biology;tag_id:1478;tag_name:computer terminals;tag_id:101;tag_name:genetic databases;tag_id:53;tag_name:human genome;tag_id:17;tag_name:humans;tag_id:364;tag_name:reference values	set_id:3589;set_name:Open Bioinformatics Foundation Set
tool	13919	http://code.google.com/p/biosmalltalk/	https://bioinformatics.ca/links_directory/tool/13919/biosmalltalk	BioSmalltalk	BioSmalltalk is an open source library for doing bioinformatics with Smalltalk. The goal of BioSmalltalk is to concile the benefits of a pure object environment with bioinformatics related tasks, so life scientists (or non-professional programmers) could reach their objectives programming fast and easily and without the complexities of typical programming environments. 				category_id:89812;category_name:Bio-* Programming Tools;category_path:Computer Related > Bio-* Programming Tools;category_id:89870;category_name:Web Services;category_path:Computer Related > Web Services
resource	13963	http://www.biocodershub.net	https://bioinformatics.ca/links_directory/resource/13963/biocoders-hub	Biocoders Hub	A community for sharing bioinformatics source code with other specialists.		biocodersnet		category_id:89812;category_name:Bio-* Programming Tools;category_path:Computer Related > Bio-* Programming Tools;category_id:89843;category_name:Bioinformatics Related News Sources;category_path:Education > Bioinformatics Related News Sources;category_id:89819;category_name:Community;category_path:Education > Community;category_id:89811;category_name:Directories and Portals;category_path:Education > Directories and Portals;category_id:89870;category_name:Web Services;category_path:Computer Related > Web Services
tool	9294	http://togows.dbcls.jp/	https://bioinformatics.ca/links_directory/tool/9294/togows	TogoWS	TogoWS service provides solutions to web service incompatibilities such as interface and data type incompatibilities. TogoWS REST API and TogoWS SOAP API resolve these issues.	20472643			category_id:89815;category_name:Databases;category_path:Computer Related > Databases;category_id:89870;category_name:Web Services;category_path:Computer Related > Web Services;category_id:89879;category_name:Workflows;category_path:Computer Related > Workflows	id:9433;name:NAR Web Server Issue 2010	11728;10624;9284;12192;11865;11635;11329;11327;11326;11303;10713;10684;9282;10384;9322;10189;10179;10135;10038;10010;9931;9829;10754;9596;9452;9281	tag_id:46;tag_name:computational biology;tag_id:1382;tag_name:factual databases;tag_id:141;tag_name:systems integration
tool	9304	http://biodb.jp/	https://bioinformatics.ca/links_directory/tool/9304/hms-ics	HMS-ICS	The Hyperlink Management System (HMS) automatically updates and maintains hyperlinks among major databases using various data IDs (e.g. HUGO Gene Symbols, IDs from PDB, UniProt). The ID Converter System (ICS) supports the conversion of data IDs using the corresponding tables in HMS.	19454601			category_id:89815;category_name:Databases;category_path:Computer Related > Databases	id:9434;name:NAR Web Server Issue 2009	12064;11928;11438;11352;10735;9282;10291;9322;10072;10038;10736;10741;10738;10737;10742;10740
tool	9476	http://www.postgresql.org/	https://bioinformatics.ca/links_directory/tool/9476/postgresql	PostgreSQL	PostgreSQL is a sophisticated Object-Relational DBMS, supporting almost all SQL
constructs, including subselects, transactions, and user-defined types and functions.
It is the most advanced open-source database available anywhere.			http://en.wikipedia.org/wiki/PostgreSQL	category_id:89815;category_name:Databases;category_path:Computer Related > Databases
tool	9498	http://www.mysql.com	https://bioinformatics.ca/links_directory/tool/9498/mysql	MySQL	MySQL is the world's most popular Open Source Database, designed for speed, power and precision.		mysql	http://en.wikipedia.org/wiki/MySQL	category_id:89815;category_name:Databases;category_path:Computer Related > Databases
tool	10684	http://www.inab.org/MOWServ/	https://bioinformatics.ca/links_directory/tool/10684/mowserv	MOWServ	MOWServ provides integrated access to databases and analytical tools. Based on the BioMoby protocol for inter-service communication.	20525794			category_id:89815;category_name:Databases;category_path:Computer Related > Databases;category_id:89870;category_name:Web Services;category_path:Computer Related > Web Services;category_id:89879;category_name:Workflows;category_path:Computer Related > Workflows	id:9433;name:NAR Web Server Issue 2010	13500;10179;12153;11303;11619;11329;11328;11327;11326;9294;10713;10558;10433;10384;9222;10256;10038;9872;9829;9804;10754	tag_id:46;tag_name:computational biology;tag_id:7;tag_name:phylogeny;tag_id:13;tag_name:protein databases;tag_id:8;tag_name:proteins;tag_id:141;tag_name:systems integration
resource	27099	http://dgidb.genome.wustl.edu/	https://bioinformatics.ca/links_directory/resource/27099/dgidb-mining-druggable-genome	DGIdb - Mining the Druggable Genome	The Drug-Gene Interaction database (DGIdb) mines existing resources that generate hypotheses about how genes might be targeted therapeutically or prioritized for drug development. It provides an interface for searching lists of genes against a compendium of drug-gene interactions and potentially 'druggable' genes.	24122041			category_id:89816;category_name:Annotations;category_path:Human Genome > Annotations;category_id:89856;category_name:Annotations;category_path:DNA > Annotations;category_id:89876;category_name:Compounds;category_path:Other Molecules > Compounds;category_id:89887;category_name:Databases;category_path:Literature > Databases;category_id:89885;category_name:Databases;category_path:Human Genome > Databases;category_id:89882;category_name:Databases;category_path:DNA > Databases;category_id:89815;category_name:Databases;category_path:Computer Related > Databases;category_id:89814;category_name:Genomics;category_path:Human Genome > Genomics;category_id:89854;category_name:Health and Disease;category_path:Human Genome > Health and Disease;category_id:89866;category_name:Open Access Resources;category_path:Literature > Open Access Resources;category_id:89870;category_name:Web Services;category_path:Computer Related > Web Services		11748;9257;10319;9307;10391;11671;11310;11722
tool	35241	http://www.intermine.org	https://bioinformatics.ca/links_directory/tool/35241/intermine	InterMine	InterMine is an open source data warehouse built specifically for the integration and analysis of complex biological data. InterMine enables the creation of biological databases accessed by sophisticated web query tools.				category_id:89815;category_name:Databases;category_path:Computer Related > Databases	id:36133;name:NAR Web Server Issue 2014
tool	9736	http://www.ncbi.nlm.nih.gov/books/bv.fcgi?call=bv.View..ShowTOC&rid=toolkit.TOC&depth=2	https://bioinformatics.ca/links_directory/tool/9736/ncbi-c-toolkit	NCBI C++ toolkit	The NCBI C++ Toolkit is a collection of C++ modules developed by the NCBI for writing bioinformatics software and applications.		NCBI		category_id:89812;category_name:Bio-* Programming Tools;category_path:Computer Related > Bio-* Programming Tools;category_id:89836;category_name:C/C++;category_path:Computer Related > C/C++				set_id:3580;set_name:National Center for Biotechnology Information (NCBI) Set
resource	11256	http://www.cprogramming.com/	https://bioinformatics.ca/links_directory/resource/11256/cprogrammingcom	Cprogramming.com	Cprogramming.com is a web site designed to help you learn C or C++ and provide you with C and C++ programming resources.		alexallain		category_id:89836;category_name:C/C++;category_path:Computer Related > C/C++
resource	13875	http://cprogramming.pickatutorial.com	https://bioinformatics.ca/links_directory/resource/13875/c-programming-tutorial	C programming tutorial	This C / C++ tutorial, divided into 40 lessons, has been designed to help the beginners learn the C / C++ programming language quickly. Most of the basic concepts of C / C++ programming like variables, data types, expressions, conditionals, repetitions structures, switch, functions, arrays, pointers, string handling, file handling and structures are explained in simple language. This C / C++ programming tutorial assumes no prior programming experience. 				category_id:89836;category_name:C/C++;category_path:Computer Related > C/C++			tag_id:57684;tag_name:acute kidney injury;tag_id:1344;tag_name:adult;tag_id:57679;tag_name:c;tag_id:50903;tag_name:C++;tag_id:57685;tag_name:hemofiltration;tag_id:17;tag_name:humans;tag_id:221;tag_name:male;tag_id:702;tag_name:middle aged;tag_id:57680;tag_name:programming;tag_id:57686;tag_name:renal dialysis;tag_id:57681;tag_name:tutorial
tool	9278	http://www.biojava.org/	https://bioinformatics.ca/links_directory/tool/9278/biojava	BioJava	The BioJava Project is an open-source project dedicated to providing Java tools for processing biological data.	12230038		http://en.wikipedia.org/wiki/BioJava	category_id:89812;category_name:Bio-* Programming Tools;category_path:Computer Related > Bio-* Programming Tools;category_id:89837;category_name:Java;category_path:Computer Related > Java		9332;10256;9290;9829;9286		set_id:3589;set_name:Open Bioinformatics Foundation Set
resource	11204	http://java.sun.com/docs/books/tutorial/	https://bioinformatics.ca/links_directory/resource/11204/java-tutorial	The Java Tutorial	The place to go for your first cup of Java.				category_id:89837;category_name:Java;category_path:Computer Related > Java
resource	11219	http://java.sun.com/	https://bioinformatics.ca/links_directory/resource/11219/javasuncom	java.sun.com	The source for java technology.		java	http://en.wikipedia.org/wiki/Java_(programming_language)	category_id:89837;category_name:Java;category_path:Computer Related > Java
resource	11223	http://www.onjava.com/	https://bioinformatics.ca/links_directory/resource/11223/onjavacom	ONJava.com	O'Reilly Network's source for Java news and information.		oreillymedia		category_id:89837;category_name:Java;category_path:Computer Related > Java
tool	9272	http://www.bioconductor.org/	https://bioinformatics.ca/links_directory/tool/9272/bioconductor	Bioconductor	Bioconductor is an open source and open development software project that aims to provide access to a wide range of powerful statistical and graphical methods for the analysis of genomic data.	15461798;12664684;14988118;15297301	bioconductor	http://en.wikipedia.org/wiki/Bioconductor	category_id:89812;category_name:Bio-* Programming Tools;category_path:Computer Related > Bio-* Programming Tools;category_id:89850;category_name:Math and Statistics;category_path:Computer Related > Math and Statistics;category_id:89846;category_name:Transcript Expression Analysis;category_path:Expression > Transcript Expression Analysis		9931;13391;13389;12064;9731;12742;12158;11303;11352;10624;10523;10483;10735;10435;9251;10261;10256;9321;9238;10000;9923;9885;10736;10741;10738;10737;10742;10740
tool	9297	http://www.r-project.org/	https://bioinformatics.ca/links_directory/tool/9297/r	R	System for statistical computation and graphics; an interpreted computer language which allows branching and looping as well as modular programming using functions.			http://en.wikipedia.org/wiki/R_(programming_language)	category_id:89812;category_name:Bio-* Programming Tools;category_path:Computer Related > Bio-* Programming Tools;category_id:89850;category_name:Math and Statistics;category_path:Computer Related > Math and Statistics
tool	9490	http://cubic.bioc.columbia.edu/eva/	https://bioinformatics.ca/links_directory/tool/9490/eva	EVA	EValuation of Automatic protein structure prediction; provides a continuous, automated, statistical analysis of structure prediction servers.	12824315;11751240;11835497		http://en.wikipedia.org/wiki/EVA_(benchmark)	category_id:89834;category_name:2-D Structure Prediction;category_path:Protein > 2-D Structure Prediction;category_id:89835;category_name:3-D Structure Prediction;category_path:Protein > 3-D Structure Prediction;category_id:89850;category_name:Math and Statistics;category_path:Computer Related > Math and Statistics	id:10732;name:NAR Web Server Issue 2003	9596;21504;21306;13764;13485;13285;12899;12898;12893;12833;12653;12191;12129;12142;11435;11316;11309;10187;10711;10705;10683;10597;10566;10563;10555;10548;10537;10468;10440;10429;10401;10379;10336;10307;9389;10265;10172;10119;10102;10100;9425;10043;10037;10036;10042;10019;10009;10008;9993;9980;9961;9955;9976;9913;9265;9862;9828;9748;9644;9485	tag_id:162;tag_name:automation;tag_id:157;tag_name:protein conformation;tag_id:13;tag_name:protein databases;tag_id:161;tag_name:protein folding;tag_id:99;tag_name:protein sequence analysis;tag_id:159;tag_name:protein structural homology;tag_id:8;tag_name:proteins;tag_id:127;tag_name:reproducibility of results;tag_id:95;tag_name:secondary protein structure;tag_id:10;tag_name:sequence alignment
tool	9611	http://www.ebi.ac.uk/Tools/saps/	https://bioinformatics.ca/links_directory/tool/9611/saps-statistical-analysis-protein-sequences	SAPS - Statistical Analysis of Protein Sequences	Calculations include compositional analysis, charge distribution, identification of highly hydrophobic (transmembrane) segments, sequence repeats, and more.	1549558			category_id:89834;category_name:2-D Structure Prediction;category_path:Protein > 2-D Structure Prediction;category_id:89871;category_name:Localization and Targeting;category_path:Protein > Localization and Targeting;category_id:89850;category_name:Math and Statistics;category_path:Computer Related > Math and Statistics		12646;10187	tag_id:92;tag_name:algorithms;tag_id:93;tag_name:amino acid sequence;tag_id:1;tag_name:animals;tag_id:200;tag_name:drosophila;tag_id:17;tag_name:humans;tag_id:6;tag_name:molecular sequence data;tag_id:78;tag_name:nucleic acid sequence homology;tag_id:8;tag_name:proteins;tag_id:323;tag_name:proto-oncogene proteins c-myc
tool	9744	http://statcomp.ats.ucla.edu/	https://bioinformatics.ca/links_directory/tool/9744/ucla-statistical-computing-portal	UCLA Statistical Computing Portal	The Stat Computing Portal is a single search engine that allows you to search over 20,000 pages on statistical computing.  The Stat Computing Portal is broken up into smaller portals focused on these statistical packages -- SAS, Stata, SPSS, SUDAAN, WesVar, HLM, MLwiN, S-Plus/R, Limdep, and Mplus.				category_id:89850;category_name:Math and Statistics;category_path:Computer Related > Math and Statistics
tool	9980	http://www.pdg.cnb.uam.es/eva/con/index.html	https://bioinformatics.ca/links_directory/tool/9980/evacon	EVAcon	EVAcon automates the continuous evaluation of inter-residue contact prediction servers.  Results can be viewed statically or dynamically generated.	15980486			category_id:89873;category_name:3-D Structural Features;category_path:Protein > 3-D Structural Features;category_id:89850;category_name:Math and Statistics;category_path:Computer Related > Math and Statistics	id:10730;name:NAR Web Server Issue 2005	12580;11435;10187;10711;10597;10563;10555;10548;10537;10276;10275;10243;10183;10132;10119;10104;9425;10043;10037;10036;10042;10023;10022;10019;9993;9992;9955;9976;9882;9828;9490;9485	tag_id:110;tag_name:amino acids;tag_id:35;tag_name:molecular models;tag_id:157;tag_name:protein conformation;tag_id:127;tag_name:reproducibility of results
resource	11273	http://www.statistics.com/	https://bioinformatics.ca/links_directory/resource/11273/statisticscom	Statistics.com	Online statistics courses.  Also contains links to statistics software and on-line textbooks.				category_id:89850;category_name:Math and Statistics;category_path:Computer Related > Math and Statistics
resource	11284	http://www.jerrydallal.com/LHSP/bmj.htm	https://bioinformatics.ca/links_directory/resource/11284/statistics-notes-british-medical-journal	Statistics Notes in the British Medical Journal	Brief descriptions of statistical concepts and methods often combined with clinical/medical examples.				category_id:89850;category_name:Math and Statistics;category_path:Computer Related > Math and Statistics
database	12244	http://www.ebi.ac.uk/biomodels	https://bioinformatics.ca/links_directory/database/12244/biomodels-database	BioModels Database	BioModels Database is a data resource that allows biologists to store, search and retrieve published mathematical models of biological interests. Models present in BioModels Database are annotated and linked to relevant data resources, such as publications, databases of compounds and controlled vocabularies.	20587024			category_id:89850;category_name:Math and Statistics;category_path:Computer Related > Math and Statistics		10435;9322;11619;11785;13596;11789;9281;10038;13477;13500;13522;13524;13527;13586;13827	tag_id:46;tag_name:computational biology;tag_id:1625;tag_name:kinetic models;tag_id:1626;tag_name:quantitative models;tag_id:1627;tag_name:sbml;tag_id:1097;tag_name:systems biology	set_id:3579;set_name:European Bioinformatics Institute (EBI) Set
tool	13790	http://intscore.molgen.mpg.de	https://bioinformatics.ca/links_directory/tool/13790/intscore	IntScore	INtScore is a web tool for confidence scoring of biological interactions. Individual interactions are weighted according to the likelihood that they actually take place in the cell, and can be used to filter out false positives.	22649056			category_id:89850;category_name:Math and Statistics;category_path:Computer Related > Math and Statistics;category_id:89877;category_name:Networks;category_path:Expression > Networks;category_id:89807;category_name:Networks & Interactions, Pathways and Enzymes;category_path:Protein > Networks & Interactions, Pathways and Enzymes	id:13628;name:NAR Web Server Issue 2012	10471;10448;9814;13818;13770;13766;13730;13723;13532;13439;9308;12152;12188;11808;10694;9397;10568;9233;10528
tool	35233	http://rswebtool.kwaklab.org	https://bioinformatics.ca/links_directory/tool/35233/r-s-webtool	R. S. WebTool	R. S. WebTool is a web server for random sampling-based significance evaluation of pairwise distances.				category_id:89850;category_name:Math and Statistics;category_path:Computer Related > Math and Statistics	id:36133;name:NAR Web Server Issue 2014
tool	9268	http://soap.bind.ca/	https://bioinformatics.ca/links_directory/tool/9268/bind-soap	BIND SOAP	BIND SOAP is a web service providing end users with the ability to access functionality offered by the BIND Search Service through a remote Application Programming Interface (API).	12519993			category_id:89870;category_name:Web Services;category_path:Computer Related > Web Services		10070;11426;13538;13536;13488;13415;13392;13285;9414;11903;11706;11703;11701;11302;9207;10130;9267;9828
tool	9271	http://www.Biobike.org	https://bioinformatics.ca/links_directory/tool/9271/biobike	BioBIKE	BioBIKE is a web-based environment enabling biologists with little programming expertise to combine tools, data and knowledge in novel and complex ways. BioBIKE is composed of three components: a biological knowledge base, a graphical programming interface and an extensible set of tools. Users may also invent their own tools.	19433511			category_id:89870;category_name:Web Services;category_path:Computer Related > Web Services	id:9434;name:NAR Web Server Issue 2009	13564;11329;10640;9282;10256;9322;10038;9829;10754;9593	tag_id:270;tag_name:biology;tag_id:101;tag_name:genetic databases;tag_id:141;tag_name:systems integration
tool	9294	http://togows.dbcls.jp/	https://bioinformatics.ca/links_directory/tool/9294/togows	TogoWS	TogoWS service provides solutions to web service incompatibilities such as interface and data type incompatibilities. TogoWS REST API and TogoWS SOAP API resolve these issues.	20472643			category_id:89815;category_name:Databases;category_path:Computer Related > Databases;category_id:89870;category_name:Web Services;category_path:Computer Related > Web Services;category_id:89879;category_name:Workflows;category_path:Computer Related > Workflows	id:9433;name:NAR Web Server Issue 2010	11728;10624;9284;12192;11865;11635;11329;11327;11326;11303;10713;10684;9282;10384;9322;10189;10179;10135;10038;10010;9931;9829;10754;9596;9452;9281	tag_id:46;tag_name:computational biology;tag_id:1382;tag_name:factual databases;tag_id:141;tag_name:systems integration
tool	9343	http://www.bcgsc.bc.ca/chinook/	https://bioinformatics.ca/links_directory/tool/9343/chinook	Chinook	Chinook is a peer-to-peer (P2P) service for the discovery, use and assessment of bioinformatics programs.  Chinook Online allows researchers to connect and run distributed bioinformatics programs using a web application.	16094378			category_id:89823;category_name:DNA and Genomic Analysis;category_path:DNA > DNA and Genomic Analysis;category_id:89847;category_name:Gene Regulation;category_path:Expression > Gene Regulation;category_id:89859;category_name:Multiple Sequence Alignments;category_path:Sequence Comparison > Multiple Sequence Alignments;category_id:89860;category_name:Pairwise Sequence Alignments;category_path:Sequence Comparison > Pairwise Sequence Alignments;category_id:89821;category_name:Structure and Sequence Feature Detection;category_path:DNA > Structure and Sequence Feature Detection;category_id:89870;category_name:Web Services;category_path:Computer Related > Web Services		12160
tool	9931	http://www.taverna.org.uk	https://bioinformatics.ca/links_directory/tool/9931/taverna	Taverna	Taverna workflow tool suite is for creating and running bioinformatics workflows. Pipelines can be executed on local desktop machines or larger infrastructure using the Taverna Server	15201187;16845108;23640334			category_id:89823;category_name:DNA and Genomic Analysis;category_path:DNA > DNA and Genomic Analysis;category_id:89827;category_name:Do-it-all Tools for Protein;category_path:Protein > Do-it-all Tools for Protein;category_id:89868;category_name:Text Mining and Semantics;category_path:Literature > Text Mining and Semantics;category_id:89824;category_name:Tools For the Bench;category_path:DNA > Tools For the Bench;category_id:89870;category_name:Web Services;category_path:Computer Related > Web Services	id:10729;name:NAR Web Server Issue 2006;id:21656;name:NAR Web Server Issue 2013	11303;13969;10038;12337;10135;13548;13733;10179;11924;9794;9322;13827;10242;9845;10256;12131;10284;13391;9912;10367;10384;13218;9272;9896;10429;10430;10624;9257;10553;10612;9332;10633;12136;11619;21524;9409;10695;12153;12928;10713;9294;11328;9652;9286;21462;9804;11442;11329;10754;9452		set_id:4574;set_name:University of Manchester Set
tool	10038	http://www.ebi.ac.uk/Tools/webservices/	https://bioinformatics.ca/links_directory/tool/10038/ebi-tools	EBI Tools	EBI Tools is a project that aims to provide programmatic access to the various databases and retrieval and analysis services that the European Bioinformatics Institute (EBI) provides through Simple Object Access Protocol (SOAP) and other related web service technologies. Example tools include those to compute sequence similarity searches, pairwise/multiple sequence alignment and protein functional analysis.	15980463;19435877;15215339;17576686;23671338			category_id:89874;category_name:3-D Structure Comparison;category_path:Protein > 3-D Structure Comparison;category_id:89811;category_name:Directories and Portals;category_path:Education > Directories and Portals;category_id:89806;category_name:Domains and Motifs;category_path:Protein > Domains and Motifs;category_id:89859;category_name:Multiple Sequence Alignments;category_path:Sequence Comparison > Multiple Sequence Alignments;category_id:89860;category_name:Pairwise Sequence Alignments;category_path:Sequence Comparison > Pairwise Sequence Alignments;category_id:89867;category_name:Search Tools;category_path:Literature > Search Tools;category_id:89831;category_name:Sequence Retrieval;category_path:RNA > Sequence Retrieval;category_id:89801;category_name:Sequence Retrieval;category_path:Protein > Sequence Retrieval;category_id:89797;category_name:Sequence Retrieval and Submission;category_path:DNA > Sequence Retrieval and Submission;category_id:89824;category_name:Tools For the Bench;category_path:DNA > Tools For the Bench;category_id:89870;category_name:Web Services;category_path:Computer Related > Web Services	id:10730;name:NAR Web Server Issue 2005;id:10728;name:NAR Web Server Issue 2007;id:9434;name:NAR Web Server Issue 2009;id:21656;name:NAR Web Server Issue 2013	9896;9304;21376;11649;11733;11671;13751;13548;13502;13500;11861;11728;13360;13359;13358;13218;11853;12064;11396;12153;10438;10624;12244;12192;11907;11814;11751;11726;11681;11664;11655;11650;11625;11624;11889;11619;11375;11352;11878;11329;11328;11327;11326;11312;11303;11239;9294;10713;10684;10666;10633;10531;10615;10735;10433;9282;9271;10384;10349;10256;9311;9322;10185;10179;10157;10153;10138;10131;9329;10042;10037;10036;10035;9992;9974;9962;9353;10738;10741;10736;9276;10754;9354;9931;9622;9596;9317;9829;9340;10745;9845;10737;10742;10740
tool	10090	http://www.vbi.vt.edu/pathport/	https://bioinformatics.ca/links_directory/tool/10090/vbi-pathport-project-services	VBI PathPort project services	The PathPort project at the Virginia Bioinformatics Institute (VBI) has implemented a number of web-services that provide the core data access and analysis tools capabilities for the system.				category_id:89870;category_name:Web Services;category_path:Computer Related > Web Services
tool	10179	http://www.xml.nig.ac.jp/index.html	https://bioinformatics.ca/links_directory/tool/10179/xml-central-ddbj	XML Central of DDBJ	XML Central of the DNA Data Bank of Japan (DDBJ) provides SOAP (Simple Object Access Protocol) server and web services for various databases and bioinformatics programs.	12824432;19417067			category_id:89811;category_name:Directories and Portals;category_path:Education > Directories and Portals;category_id:89870;category_name:Web Services;category_path:Computer Related > Web Services	id:10732;name:NAR Web Server Issue 2003	21376;10754;13827;13751;13743;13598;11671;13374;12153;10438;10624;11823;9284;12192;11744;11831;11423;11878;11329;11328;11327;11326;11303;9294;10713;10684;9397;10638;10612;10539;9282;10430;10384;10267;10250;10189;10157;10138;10131;10072;9329;10038;10015;10010;9974;9931;9913;9829;9824;9804;9281;9644;9596	tag_id:270;tag_name:biology;tag_id:42;tag_name:nucleic acid databases;tag_id:141;tag_name:systems integration
tool	10540	http://weblab.cbi.pku.edu.cn	https://bioinformatics.ca/links_directory/tool/10540/weblab	WebLab	An integrative knowledge sharing system that supports collaboration of biological researchers from various fields. WebLab allows users to fetch, analyze with more than 260 integrated bioinformatic tools, manipulate and share data under an intuitive web interface. These tools can be further organized as customized workflows.	19465388			category_id:89870;category_name:Web Services;category_path:Computer Related > Web Services	id:9434;name:NAR Web Server Issue 2009	13477;11328;10039;9878	tag_id:46;tag_name:computational biology;tag_id:1253;tag_name:cooperative behavior;tag_id:1382;tag_name:factual databases
tool	10570	http://genecodis.dacya.ucm.es	https://bioinformatics.ca/links_directory/tool/10570/genecodis3	GeneCodis3	Originally designed in 2007 for modular enrichment analysis, GeneCodis assists in functional analysis of gene lists, integrating information from different sources. GeneCodis also finds regulatory patterns, and singular and modular patterns of interrelated annotations. Noisy and redundant output data has been removed from enrichment results, and greater comparative analyses are possible.	19465387;22573175			category_id:89856;category_name:Annotations;category_path:DNA > Annotations;category_id:89878;category_name:Gene Set Analysis;category_path:Expression > Gene Set Analysis;category_id:89877;category_name:Networks;category_path:Expression > Networks;category_id:89870;category_name:Web Services;category_path:Computer Related > Web Services	id:9434;name:NAR Web Server Issue 2009;id:13628;name:NAR Web Server Issue 2012	10054;12157;11308;11298;9256;10264;10699;10284;10286;10695;10692;10319;9409;10348;13564;9295;10368;13757;10680;10391;13769;10393;10065;13775;10643;10430;13827;10635;9339;10112;13829;10472;21316;10553;12188;10144;10498;10539;9388;10193;12158;10053;9329;9307;9257;9219;9897;9320;9475;12152;10215;10624
tool	10666	http://swift.cmbi.ru.nl/	https://bioinformatics.ca/links_directory/tool/10666/wiws	WIWS	WHAT IF Web Services (WIWS) is a web service based on the WHAT IF software package for macromolecular analysis, visualization, modeling and structure validation. This protein structure bioinformatics web service collection has over 1600 different functions.	20501602			category_id:89835;category_name:3-D Structure Prediction;category_path:Protein > 3-D Structure Prediction;category_id:89870;category_name:Web Services;category_path:Computer Related > Web Services	id:9433;name:NAR Web Server Issue 2010	11303;13725;10624;11619;11422;11327;11326;11312;10703;10388;10387;10135;10104;10042;10038;10022;9829;9314;9486	tag_id:46;tag_name:computational biology;tag_id:35;tag_name:molecular models;tag_id:157;tag_name:protein conformation
tool	10670	http://kryptonite.ucsd.edu/opal2/GetServicesList.do	https://bioinformatics.ca/links_directory/tool/10670/smap-ws	SMAP-WS	The SMAP web service provides a user friendly interface and programming API to study protein-ligand interactions. Useful for understanding the structure, function and evolution of proteins and for designing safe therapeutics.	20484373			category_id:89873;category_name:3-D Structural Features;category_path:Protein > 3-D Structural Features;category_id:89874;category_name:3-D Structure Comparison;category_path:Protein > 3-D Structure Comparison;category_id:89844;category_name:Proteomics;category_path:Protein > Proteomics;category_id:89870;category_name:Web Services;category_path:Computer Related > Web Services	id:9433;name:NAR Web Server Issue 2010	21526;21352;21296;13798;13756;13495;10713;10710;10654;10602;10595;10592;9208;10265;10123;10109;10057;9887;9866	tag_id:92;tag_name:algorithms;tag_id:111;tag_name:binding sites;tag_id:1335;tag_name:drug discovery;tag_id:238;tag_name:ligands;tag_id:157;tag_name:protein conformation;tag_id:159;tag_name:protein structural homology;tag_id:55;tag_name:proteome
tool	10684	http://www.inab.org/MOWServ/	https://bioinformatics.ca/links_directory/tool/10684/mowserv	MOWServ	MOWServ provides integrated access to databases and analytical tools. Based on the BioMoby protocol for inter-service communication.	20525794			category_id:89815;category_name:Databases;category_path:Computer Related > Databases;category_id:89870;category_name:Web Services;category_path:Computer Related > Web Services;category_id:89879;category_name:Workflows;category_path:Computer Related > Workflows	id:9433;name:NAR Web Server Issue 2010	13500;10179;12153;11303;11619;11329;11328;11327;11326;9294;10713;10558;10433;10384;9222;10256;10038;9872;9829;9804;10754	tag_id:46;tag_name:computational biology;tag_id:7;tag_name:phylogeny;tag_id:13;tag_name:protein databases;tag_id:8;tag_name:proteins;tag_id:141;tag_name:systems integration
tool	10713	http://ws.nbcr.net	https://bioinformatics.ca/links_directory/tool/10713/opal-web-services-biomedical-applications	Opal Web Services for Biomedical Applications	Opal Web Services for Biomedical Applications is a production web server. Powered by Opal, it allows users to use scientific applications easily as web services without any modification to the scientific codes.	20529877			category_id:89870;category_name:Web Services;category_path:Computer Related > Web Services	id:9433;name:NAR Web Server Issue 2010	21386;9853;9931;10038;10135;21376;13218;12153;10624;12195;12110;11329;11327;11326;11303;9294;9596;9288;10684;10670;10553;10615;10430;10179
resource	11315	http://cabio.nci.nih.gov/NCICB/infrastructure/cacore_overview/caBIO	https://bioinformatics.ca/links_directory/resource/11315/cabio-web-services	caBIO Web Services	SOAP interfaces used to access the cancer Bioinformatics Infrastructure Objects(caBIO) funtionality.				category_id:89870;category_name:Web Services;category_path:Computer Related > Web Services
resource	11326	http://www.embraceregistry.net	https://bioinformatics.ca/links_directory/resource/11326/embrace-web-service	EMBRACE Web Service	European Model for Bioinformatics Research and Community Education (EMBRACE) web service collection consists of EDAM, an ontology for describing life sciences; BioXSD, a schema for exchanging data between services and a centralized registry of ~1000 services.	20462862	embraceregistry		category_id:89870;category_name:Web Services;category_path:Computer Related > Web Services	id:9433;name:NAR Web Server Issue 2010	13827;13500;11619;11329;11328;11327;9294;10713;10684;10666;9284;9322;10179;10138;10038;9829	tag_id:362;tag_name:biological science disciplines;tag_id:46;tag_name:computational biology;tag_id:253;tag_name:information dissemination;tag_id:690;tag_name:registries;tag_id:141;tag_name:systems integration
resource	11327	http://bioinformatics.istge.it/ibws/	https://bioinformatics.ca/links_directory/resource/11327/ibws-ist-bioinformatics-web-services	IBWS: IST Bioinformatics Web Services	The Bioinformatics group at the National Cancer Research Institute (IST) of Genoa compiled a suite of free web services IBWS.	20484374			category_id:89870;category_name:Web Services;category_path:Computer Related > Web Services	id:9433;name:NAR Web Server Issue 2010	13574;13527;11912;13598;10713;10684;10666;9322;10179;10038;10624;11872;11619;11374;11329;11328;11326;11303;9294
tool	12153	http://www.bioextract.org	https://bioinformatics.ca/links_directory/tool/12153/bioextract	BioExtract	The BioExtract Server is a platform for the creation of bioinformatic workflows to aid the analysis of genomic data. A series of recorded tasks can be saved and shared. Integrated resources include NCBI databases, EMBL-Bank, UniProt and UniRef, as well as a large number of computational tools such as EMBOSS and KEGG.	21546552;20150665		http://en.wikipedia.org/wiki/BioExtract	category_id:89823;category_name:DNA and Genomic Analysis;category_path:DNA > DNA and Genomic Analysis;category_id:89870;category_name:Web Services;category_path:Computer Related > Web Services;category_id:89879;category_name:Workflows;category_path:Computer Related > Workflows	id:11978;name:NAR Web Server Issue 2011	21542;21524;21376;13827;11853;13257;13218;9912;11303;12057;11744;10713;10695;10684;10633;9282;10429;10319;10179;10131;10038;9931;9896	tag_id:560;tag_name:biopolymers;tag_id:46;tag_name:computational biology;tag_id:1313;tag_name:data mining;tag_id:67;tag_name:database management systems;tag_id:1382;tag_name:factual databases;tag_id:101;tag_name:genetic databases;tag_id:44;tag_name:genomics;tag_id:253;tag_name:information dissemination;tag_id:141;tag_name:systems integration;tag_id:4656;tag_name:workflow
tool	12180	http://gene3d.biochem.ucl.ac.uk/WebServices/	https://bioinformatics.ca/links_directory/tool/12180/gene3d	Gene3D	The Gene3D web services provide programmatic access to the CATH-Gene3D annotation resources and in-house software tools. These services include Gene3DScan for identifying structural domains within protein sequences, access to pre-calculated annotations for the major sequence databases, and linked functional annotation from UniProt, GO and KEGG.	21646335			category_id:89873;category_name:3-D Structural Features;category_path:Protein > 3-D Structural Features;category_id:89853;category_name:Annotation and Function;category_path:Protein > Annotation and Function;category_id:89806;category_name:Domains and Motifs;category_path:Protein > Domains and Motifs;category_id:89870;category_name:Web Services;category_path:Computer Related > Web Services	id:11978;name:NAR Web Server Issue 2011	11344;13525;13498;9470;9829;11768;11662;11650;11424;11375;11333;10643;10572;10457;10382;10249;9333;9974;9966	tag_id:53;tag_name:human genome;tag_id:17;tag_name:humans;tag_id:1480;tag_name:molecular sequence annotation;tag_id:13;tag_name:protein databases;tag_id:99;tag_name:protein sequence analysis;tag_id:21;tag_name:tertiary protein structure
tool	12243	http://www.applications.sciverse.com/action/userhome	https://bioinformatics.ca/links_directory/tool/12243/sciverse-applications	SciVerse Applications	The SciVerse Content APIs are a back-end architecture of RESTful APIs that provide direct access to Elsevier content. They can be used by applications running within the SciVerse application framework to access data that the framework does not provide. Developers building SciVerse applications can integrate data from Elsevier content through these APIs using REST-compliant URL requests.				category_id:89870;category_name:Web Services;category_path:Computer Related > Web Services			tag_id:1622;tag_name:applications;tag_id:1623;tag_name:developer;tag_id:1624;tag_name:sciverse
tool	12337	http://sing.ei.uvigo.es/pileline/index.php/Main_Page#PileLine_GUI	https://bioinformatics.ca/links_directory/tool/12337/pilelinegui	PileLineGUI	PileLineGUI is a desktop application primarily designed for manipulating, browsing and analysing genome position files (e.g. Variant Call Format, SAMTools pileup, BED, GFF), with specific support to somatic mutation finding studies. The developed tool also integrates a new genome browser module specially designed for inspecting GPFs. PileLineGUI is free, multiplatform and designed to be intuitively used by biomedical researchers in NGS studies. 	21646339;21261974			category_id:89823;category_name:DNA and Genomic Analysis;category_path:DNA > DNA and Genomic Analysis;category_id:89870;category_name:Web Services;category_path:Computer Related > Web Services	id:11753;name:NAR Database Issue 2011	9291;10641;10557;9931;9794;12186;13828;13732;12151;12639;12635
tool	13919	http://code.google.com/p/biosmalltalk/	https://bioinformatics.ca/links_directory/tool/13919/biosmalltalk	BioSmalltalk	BioSmalltalk is an open source library for doing bioinformatics with Smalltalk. The goal of BioSmalltalk is to concile the benefits of a pure object environment with bioinformatics related tasks, so life scientists (or non-professional programmers) could reach their objectives programming fast and easily and without the complexities of typical programming environments. 				category_id:89812;category_name:Bio-* Programming Tools;category_path:Computer Related > Bio-* Programming Tools;category_id:89870;category_name:Web Services;category_path:Computer Related > Web Services
resource	13963	http://www.biocodershub.net	https://bioinformatics.ca/links_directory/resource/13963/biocoders-hub	Biocoders Hub	A community for sharing bioinformatics source code with other specialists.		biocodersnet		category_id:89812;category_name:Bio-* Programming Tools;category_path:Computer Related > Bio-* Programming Tools;category_id:89843;category_name:Bioinformatics Related News Sources;category_path:Education > Bioinformatics Related News Sources;category_id:89819;category_name:Community;category_path:Education > Community;category_id:89811;category_name:Directories and Portals;category_path:Education > Directories and Portals;category_id:89870;category_name:Web Services;category_path:Computer Related > Web Services
resource	27099	http://dgidb.genome.wustl.edu/	https://bioinformatics.ca/links_directory/resource/27099/dgidb-mining-druggable-genome	DGIdb - Mining the Druggable Genome	The Drug-Gene Interaction database (DGIdb) mines existing resources that generate hypotheses about how genes might be targeted therapeutically or prioritized for drug development. It provides an interface for searching lists of genes against a compendium of drug-gene interactions and potentially 'druggable' genes.	24122041			category_id:89816;category_name:Annotations;category_path:Human Genome > Annotations;category_id:89856;category_name:Annotations;category_path:DNA > Annotations;category_id:89876;category_name:Compounds;category_path:Other Molecules > Compounds;category_id:89887;category_name:Databases;category_path:Literature > Databases;category_id:89885;category_name:Databases;category_path:Human Genome > Databases;category_id:89882;category_name:Databases;category_path:DNA > Databases;category_id:89815;category_name:Databases;category_path:Computer Related > Databases;category_id:89814;category_name:Genomics;category_path:Human Genome > Genomics;category_id:89854;category_name:Health and Disease;category_path:Human Genome > Health and Disease;category_id:89866;category_name:Open Access Resources;category_path:Literature > Open Access Resources;category_id:89870;category_name:Web Services;category_path:Computer Related > Web Services		11748;9257;10319;9307;10391;11671;11310;11722
tool	35249	http://www.isb-sib.ch	https://bioinformatics.ca/links_directory/tool/35249/sib-swiss-institute-bioinformatics	The SIB Swiss Institute of Bioinformatics	The SIB Swiss Institute of Bioinformatics provides life science databases, tools and support. SIB coordinates research and education in bioinformatics throughout Switzerland and provides high quality bioinformatics services to the national and international research community.				category_id:89881;category_name:Databases;category_path:Protein > Databases;category_id:89811;category_name:Directories and Portals;category_path:Education > Directories and Portals;category_id:89827;category_name:Do-it-all Tools for Protein;category_path:Protein > Do-it-all Tools for Protein;category_id:89824;category_name:Tools For the Bench;category_path:DNA > Tools For the Bench;category_id:89799;category_name:Tutorials and Directed Learning Resources;category_path:Education > Tutorials and Directed Learning Resources;category_id:89870;category_name:Web Services;category_path:Computer Related > Web Services	id:36133;name:NAR Web Server Issue 2014
tool	9294	http://togows.dbcls.jp/	https://bioinformatics.ca/links_directory/tool/9294/togows	TogoWS	TogoWS service provides solutions to web service incompatibilities such as interface and data type incompatibilities. TogoWS REST API and TogoWS SOAP API resolve these issues.	20472643			category_id:89815;category_name:Databases;category_path:Computer Related > Databases;category_id:89870;category_name:Web Services;category_path:Computer Related > Web Services;category_id:89879;category_name:Workflows;category_path:Computer Related > Workflows	id:9433;name:NAR Web Server Issue 2010	11728;10624;9284;12192;11865;11635;11329;11327;11326;11303;10713;10684;9282;10384;9322;10189;10179;10135;10038;10010;9931;9829;10754;9596;9452;9281	tag_id:46;tag_name:computational biology;tag_id:1382;tag_name:factual databases;tag_id:141;tag_name:systems integration
tool	9794	http://www.bioextract.org/query/index.jsp	https://bioinformatics.ca/links_directory/tool/9794/pegasys-workflow-management-bioinformatics	Pegasys: workflow management for bioinformatics	Pegasys is a a flexible, modular and customizable software system that coordinates the execution of multiple biological sequence analysis tools and facilitates the integration of their output.  The software allows users to create analysis workflows using a graphical user interface. Adaptors are included for various software tools.	15096276			category_id:89816;category_name:Annotations;category_path:Human Genome > Annotations;category_id:89856;category_name:Annotations;category_path:DNA > Annotations;category_id:89879;category_name:Workflows;category_path:Computer Related > Workflows		29496;12928;13893;13218;9308;9731;12639;12635;12136;9757;9931;12337;12192;11237;10319;10256;10242;10095;10211;9234;10112;9241;9823;9286	tag_id:46;tag_name:computational biology;tag_id:4;tag_name:dna;tag_id:32;tag_name:dna sequence analysis;tag_id:461;tag_name:game theory;tag_id:101;tag_name:genetic databases;tag_id:462;tag_name:genetic heterogeneity;tag_id:17;tag_name:humans;tag_id:328;tag_name:programming languages;tag_id:10;tag_name:sequence alignment;tag_id:107;tag_name:software design
tool	10684	http://www.inab.org/MOWServ/	https://bioinformatics.ca/links_directory/tool/10684/mowserv	MOWServ	MOWServ provides integrated access to databases and analytical tools. Based on the BioMoby protocol for inter-service communication.	20525794			category_id:89815;category_name:Databases;category_path:Computer Related > Databases;category_id:89870;category_name:Web Services;category_path:Computer Related > Web Services;category_id:89879;category_name:Workflows;category_path:Computer Related > Workflows	id:9433;name:NAR Web Server Issue 2010	13500;10179;12153;11303;11619;11329;11328;11327;11326;9294;10713;10558;10433;10384;9222;10256;10038;9872;9829;9804;10754	tag_id:46;tag_name:computational biology;tag_id:7;tag_name:phylogeny;tag_id:13;tag_name:protein databases;tag_id:8;tag_name:proteins;tag_id:141;tag_name:systems integration
resource	11328	http://www.myexperiment.org	https://bioinformatics.ca/links_directory/resource/11328/myexperiment	myExperiment	myExperiment is an online research environment that supports the social sharing of bioinformatics workflows.	20501605		http://en.wikipedia.org/wiki/MyExperiment	category_id:89879;category_name:Workflows;category_path:Computer Related > Workflows	id:9433;name:NAR Web Server Issue 2010	9291;12064;10624;11303;11619;11329;11327;11326;10684;10633;10540;10256;10179;10038;9931;9878;9804
tool	12113	http://www.ab.wur.nl/pricat	https://bioinformatics.ca/links_directory/tool/12113/pri-cat	PRI-CAT	PRI-CAT is a web-based workflow tool for the management and analysis of plant ChIP-seq experiments, with focus on Arabidopsis. Secondary analysis can be performed with the aid of GALAXY. 	21609962			category_id:89847;category_name:Gene Regulation;category_path:Expression > Gene Regulation;category_id:89841;category_name:Plants;category_path:Model Organisms > Plants;category_id:89879;category_name:Workflows;category_path:Computer Related > Workflows	id:11978;name:NAR Web Server Issue 2011	21530;21524;21490;21340;13773;12147;11779;9375	tag_id:199;tag_name:arabidopsis;tag_id:111;tag_name:binding sites;tag_id:1630;tag_name:ChIP-seq;tag_id:1105;tag_name:chromatin immunoprecipitation;tag_id:190;tag_name:dna-binding proteins;tag_id:180;tag_name:genetic promoter regions;tag_id:1514;tag_name:high-throughput nucleotide sequencing;tag_id:378;tag_name:plant proteins;tag_id:621;tag_name:plants;tag_id:142;tag_name:transcription factors
tool	12126	http://mu2py.biocomp.unibo.it/mempype	https://bioinformatics.ca/links_directory/tool/12126/mempype	MemPype	MemPype is a Python-based pipeline that integrates several tools for the prediction of topology and subcellular localization of Eukaryotic membrane proteins.	21543452			category_id:89871;category_name:Localization and Targeting;category_path:Protein > Localization and Targeting;category_id:89879;category_name:Workflows;category_path:Computer Related > Workflows	id:11978;name:NAR Web Server Issue 2011	13451;12155;11309;10614;9961;9840;9425;9976;9473;9971;10468;10353;10337;10308;10238;10219;10118	tag_id:40;tag_name:amino acid sequence homology;tag_id:89484;tag_name:gpi-linked proteins;tag_id:125;tag_name:membrane proteins;tag_id:1480;tag_name:molecular sequence annotation;tag_id:126;tag_name:protein sorting signals;tag_id:21;tag_name:tertiary protein structure
tool	12153	http://www.bioextract.org	https://bioinformatics.ca/links_directory/tool/12153/bioextract	BioExtract	The BioExtract Server is a platform for the creation of bioinformatic workflows to aid the analysis of genomic data. A series of recorded tasks can be saved and shared. Integrated resources include NCBI databases, EMBL-Bank, UniProt and UniRef, as well as a large number of computational tools such as EMBOSS and KEGG.	21546552;20150665		http://en.wikipedia.org/wiki/BioExtract	category_id:89823;category_name:DNA and Genomic Analysis;category_path:DNA > DNA and Genomic Analysis;category_id:89870;category_name:Web Services;category_path:Computer Related > Web Services;category_id:89879;category_name:Workflows;category_path:Computer Related > Workflows	id:11978;name:NAR Web Server Issue 2011	21542;21524;21376;13827;11853;13257;13218;9912;11303;12057;11744;10713;10695;10684;10633;9282;10429;10319;10179;10131;10038;9931;9896	tag_id:560;tag_name:biopolymers;tag_id:46;tag_name:computational biology;tag_id:1313;tag_name:data mining;tag_id:67;tag_name:database management systems;tag_id:1382;tag_name:factual databases;tag_id:101;tag_name:genetic databases;tag_id:44;tag_name:genomics;tag_id:253;tag_name:information dissemination;tag_id:141;tag_name:systems integration;tag_id:4656;tag_name:workflow
tool	13218	http://galaxyproject.org/	https://bioinformatics.ca/links_directory/tool/13218/galaxy	Galaxy	Galaxy is an open, web-based platform for performing accessible, reproducible, and transparent biomedical research. Complete computational analyses can be built, saved, rerun, modified and shared.

Galaxy is available as a free public web server; as open-source software that can be installed and customized to address specific needs; as a virtual machine that can be installed on the cloud; and on many specialized public web servers at user sites.
	21775304;21531983;21210983;20804568;20738864;20562416;20069535;21347127;18428782;17568012	galaxyproject	http://en.wikipedia.org/wiki/Galaxy_%28computational_biology%29	category_id:89823;category_name:DNA and Genomic Analysis;category_path:DNA > DNA and Genomic Analysis;category_id:89879;category_name:Workflows;category_path:Computer Related > Workflows		12113;10696;10038;12928;21524;21340;11671;11355;9723;12131;13808;13612;11715;11691;11684;11864;13390;11853;12064;12636;11416;11823;12353;11619;11303;12226;12160;12153;11748;11744;11727;11874;11689;11683;11681;11679;11678;11673;11670;11659;11650;11631;11620;11310;10713;9226;10633;10624;10594;10576;10441;9339;10424;10399;10401;10391;10380;10385;10377;10350;10348;10319;10322;9251;10256;9322;10215;10211;10167;10166;10071;10065;10053;10050;9349;10042;9996;9995;9966;9925;9931;9255;9907;9904;9912;9794;9320;9845;9241;9706;9635;9475
resource	13312	http://www.ruffus.org.uk/	https://bioinformatics.ca/links_directory/resource/13312/ruffus	Ruffus	Ruffus is a lightweight python module for running computational pipelines.
				category_id:89879;category_name:Workflows;category_path:Computer Related > Workflows			tag_id:19264;tag_name:Python;tag_id:8306;tag_name:Workflow and data integration