type	id	url	url_linksdir	title	description	pmid	twitter	wikipedia	category	journal	related_link	tag	set
resource	14018	http://www.neuroinfocomp.ca/	https://bioinformatics.ca/links_directory/resource/14018/canadian-neuroinformatics-and-computational-neuroscience-community	Canadian Neuroinformatics and Computational Neuroscience community	This web site is a portal for communication with the community. Our goal is to enhance the visibility and impact of Neuroinformatics and Computational Neurosience in Canada. We share our knowledge and encourage knowledge transfer through commonly organized events, mailing lists and open-access teaching and research resources. We hope to promote new collaborations and encourage scientific coordination leading to more efficient knowledge advancement and transfer.				category_id:89843;category_name:Bioinformatics Related News Sources;category_path:Education > Bioinformatics Related News Sources;category_id:89819;category_name:Community;category_path:Education > Community;category_id:89822;category_name:Courses, Programs and Workshops;category_path:Education > Courses, Programs and Workshops;category_id:89811;category_name:Directories and Portals;category_path:Education > Directories and Portals;category_id:89786;category_name:Education;category_path:Education
resource	11208	http://www.ncbi.nlm.nih.gov/education/	https://bioinformatics.ca/links_directory/resource/11208/ncbi-education	NCBI Education	What is bioinformatics? Why use bioinformatics?
excellent tutorials on BLAST and the Entrez search and retrieval system.		ncbi		category_id:89808;category_name:General;category_path:Education > General;category_id:89799;category_name:Tutorials and Directed Learning Resources;category_path:Education > Tutorials and Directed Learning Resources
resource	11211	http://www.ncbi.nlm.nih.gov/Tour/	https://bioinformatics.ca/links_directory/resource/11211/how-use-human-draft-sequence	How to Use the Human Draft Sequence	Introduction to how the draft sequence of the human genome can be used by biologists, includes examples of the types of questions that can be answered with the data.				category_id:89799;category_name:Tutorials and Directed Learning Resources;category_path:Education > Tutorials and Directed Learning Resources
resource	11214	http://s-star.asti.dost.gov.ph/index.html	https://bioinformatics.ca/links_directory/resource/11214/s-starorg	S-Star.org	Aims to provide a bioinformatics education to interested students everywhere, regardless of background, with the help of the Internet.  The lectures are also accessible to the public for those who do not wish to register in the courses.				category_id:89799;category_name:Tutorials and Directed Learning Resources;category_path:Education > Tutorials and Directed Learning Resources
resource	11248	http://www.angelfire.com/ga2/nestsite2/bioinform.html	https://bioinformatics.ca/links_directory/resource/11248/learn-how-use-ncbi-resources	Learn how to use NCBI resources	Seven interrelated modules expose the user to tools and databases currently used by researchers in molecular biology.				category_id:89799;category_name:Tutorials and Directed Learning Resources;category_path:Education > Tutorials and Directed Learning Resources
resource	11253	http://www.nature.com/cgi-taf/DynaPage.taf?file=/ng/journal/v35/n1s/index.html	https://bioinformatics.ca/links_directory/resource/11253/users-guide-human-genome	Users Guide to the Human Genome	Hands-on tutorial for using genome browsers as web tools for browsing and analyzing data from the Human Genome Project and other sequencing efforts; features UCSC Genome Browser, the NCBI Map Viewer, and the Ensembl Genome Browser.	14578890;12236228			category_id:89816;category_name:Annotations;category_path:Human Genome > Annotations;category_id:89865;category_name:Goldmines;category_path:Literature > Goldmines;category_id:89818;category_name:Other Resources;category_path:Human Genome > Other Resources;category_id:89799;category_name:Tutorials and Directed Learning Resources;category_path:Education > Tutorials and Directed Learning Resources			tag_id:46;tag_name:computational biology;tag_id:53;tag_name:human genome;tag_id:230;tag_name:human genome project;tag_id:17;tag_name:humans
resource	11294	http://www.ebi.ac.uk/2can/	https://bioinformatics.ca/links_directory/resource/11294/2can-bioinformatics-educational-resource	2can Bioinformatics Educational Resource	The site contains tutorials, a glossary, and introductory articles on various topics related to bioinformatics and molecular and cell biology.  The emphasis is on an increased understanding of the databases and tools available from the European Bioinformatics Institute (EBI) and its collaborators.				category_id:89808;category_name:General;category_path:Education > General;category_id:89799;category_name:Tutorials and Directed Learning Resources;category_path:Education > Tutorials and Directed Learning Resources				set_id:3579;set_name:European Bioinformatics Institute (EBI) Set
resource	11300	http://ocw.mit.edu/	https://bioinformatics.ca/links_directory/resource/11300/mit-opencourseware	MIT OpenCourseWare	MIT OpenCourseWare provides free and open access to some of MIT\'s course materials.  There are hundreds of courses represented from over thirty different disciplines, including Biology, Health Sciences and Technology, and Science, Technology, and Society.  No registration is required.		mitocw	http://en.wikipedia.org/wiki/MIT_OpenCourseWare	category_id:89799;category_name:Tutorials and Directed Learning Resources;category_path:Education > Tutorials and Directed Learning Resources
resource	11330	http://www.bioinformatics.ca/	https://bioinformatics.ca/links_directory/resource/11330/canadian-bioinformatics-workshops	Canadian Bioinformatics Workshops	Hands-on instruction in the use and development of software tools for genomic and computational biology research.	22046119		http://en.wikipedia.org/wiki/Canadian_Bioinformatics_Workshops	category_id:89822;category_name:Courses, Programs and Workshops;category_path:Education > Courses, Programs and Workshops;category_id:89799;category_name:Tutorials and Directed Learning Resources;category_path:Education > Tutorials and Directed Learning Resources		13016	tag_id:46;tag_name:computational biology;tag_id:89703;tag_name:curriculum;tag_id:17;tag_name:humans;tag_id:89705;tag_name:teaching
resource	11331	http://www.openhelix.com/	https://bioinformatics.ca/links_directory/resource/11331/openhelix	OpenHelix	Repository of bioinformatic tutorials and resources. Some are open access, others have restricted access.				category_id:89811;category_name:Directories and Portals;category_path:Education > Directories and Portals;category_id:89799;category_name:Tutorials and Directed Learning Resources;category_path:Education > Tutorials and Directed Learning Resources
resource	12354	http://geneprediction.org/	https://bioinformatics.ca/links_directory/resource/12354/genepredictionorg	geneprediction.org	A collection of links and educational resources, including tutorials and freely downloadable supplementary chapters and powerpoint presentations.				category_id:89808;category_name:General;category_path:Education > General;category_id:89799;category_name:Tutorials and Directed Learning Resources;category_path:Education > Tutorials and Directed Learning Resources			tag_id:3827;tag_name:information education gene prediction
tool	35249	http://www.isb-sib.ch	https://bioinformatics.ca/links_directory/tool/35249/sib-swiss-institute-bioinformatics	The SIB Swiss Institute of Bioinformatics	The SIB Swiss Institute of Bioinformatics provides life science databases, tools and support. SIB coordinates research and education in bioinformatics throughout Switzerland and provides high quality bioinformatics services to the national and international research community.				category_id:89881;category_name:Databases;category_path:Protein > Databases;category_id:89811;category_name:Directories and Portals;category_path:Education > Directories and Portals;category_id:89827;category_name:Do-it-all Tools for Protein;category_path:Protein > Do-it-all Tools for Protein;category_id:89824;category_name:Tools For the Bench;category_path:DNA > Tools For the Bench;category_id:89799;category_name:Tutorials and Directed Learning Resources;category_path:Education > Tutorials and Directed Learning Resources;category_id:89870;category_name:Web Services;category_path:Computer Related > Web Services	id:36133;name:NAR Web Server Issue 2014
resource	11207	http://www.dnalc.org/ddnalc/websites/	https://bioinformatics.ca/links_directory/resource/11207/dna-learning-center-cold-spring-harbor-laboratory	DNA Learning Center, Cold Spring Harbor Laboratory	excellent online genetics activities, including BioServers bioinformatics tools designed for teachers and students, and animations explaining techniques such as PCR.		DNALC		category_id:89808;category_name:General;category_path:Education > General
resource	11208	http://www.ncbi.nlm.nih.gov/education/	https://bioinformatics.ca/links_directory/resource/11208/ncbi-education	NCBI Education	What is bioinformatics? Why use bioinformatics?
excellent tutorials on BLAST and the Entrez search and retrieval system.		ncbi		category_id:89808;category_name:General;category_path:Education > General;category_id:89799;category_name:Tutorials and Directed Learning Resources;category_path:Education > Tutorials and Directed Learning Resources
resource	11209	http://www.genome.gov/glossary.cfm	https://bioinformatics.ca/links_directory/resource/11209/glossary-genetic-terms-nhgri	Glossary of Genetic Terms, NHGRI	Includes audio explanations of terms by researchers in the relevant field of study; Francis Collins explains shotgun sequencing.				category_id:89808;category_name:General;category_path:Education > General
resource	11265	http://www.bioteach.ubc.ca/	https://bioinformatics.ca/links_directory/resource/11265/bioteach	BioTeach	Great articles on all sorts of biological topics including bioinformatics.				category_id:89808;category_name:General;category_path:Education > General
resource	11274	http://www.genomicseducation.ca/	https://bioinformatics.ca/links_directory/resource/11274/genome-british-columbias-learning-centre	Genome British Columbia's Learning Centre	Aimed to keep the general public informed about the science, technology and issues connected with genomics and proteomics.		genomebc		category_id:89808;category_name:General;category_path:Education > General
resource	11291	http://evolution.berkeley.edu/	https://bioinformatics.ca/links_directory/resource/11291/understanding-evolution	Understanding Evolution	A fantastic site for teaching/understanding evolution.				category_id:89808;category_name:General;category_path:Education > General;category_id:89820;category_name:Phylogeny Reconstruction;category_path:DNA > Phylogeny Reconstruction;category_id:89798;category_name:Phylogeny Reconstruction;category_path:Protein > Phylogeny Reconstruction
resource	11292	http://oralhistory.cshl.edu/mainMovie.html	https://bioinformatics.ca/links_directory/resource/11292/cshl-oral-history-collection	CSHL Oral History Collection	A collection of oral histories through the eyes of more than fifty scientists who have worked at and visited Cold Spring Harbor Laboratory. Provides a great perspective on the early years of molecular biology and visions of the future from leading scientists.				category_id:89808;category_name:General;category_path:Education > General
resource	11294	http://www.ebi.ac.uk/2can/	https://bioinformatics.ca/links_directory/resource/11294/2can-bioinformatics-educational-resource	2can Bioinformatics Educational Resource	The site contains tutorials, a glossary, and introductory articles on various topics related to bioinformatics and molecular and cell biology.  The emphasis is on an increased understanding of the databases and tools available from the European Bioinformatics Institute (EBI) and its collaborators.				category_id:89808;category_name:General;category_path:Education > General;category_id:89799;category_name:Tutorials and Directed Learning Resources;category_path:Education > Tutorials and Directed Learning Resources				set_id:3579;set_name:European Bioinformatics Institute (EBI) Set
resource	11295	http://www.yourgenome.org/	https://bioinformatics.ca/links_directory/resource/11295/yourgenomeorg	Yourgenome.org	A resource site from the Wellcome Trust Sanger Institute with information on genomes and the social implications of genomic science.  It is organized into three sections based on the background knowledge of the reader.		yourgenome		category_id:89808;category_name:General;category_path:Education > General
resource	11299	http://www.genomenewsnetwork.org/resources/glossary/	https://bioinformatics.ca/links_directory/resource/11299/gnns-genomics-glossary	GNN\'s Genomics Glossary	A glossary of Genomics-related terms from the Genome News Network.				category_id:89808;category_name:General;category_path:Education > General
resource	11313	http://foldoc.org/	https://bioinformatics.ca/links_directory/resource/11313/foldoc-computing-dictionary	FOLDOC - Computing Dictionary	FOLDOC (Free Online Dictionary of Computing) is a good place to look up meanings of computer jargon.				category_id:89808;category_name:General;category_path:Education > General
resource	11324	http://www.biology-online.org/	https://bioinformatics.ca/links_directory/resource/11324/biology-online	Biology Online	Biology-Online.org is a free resource for biology related information in forms of tutorials, articles, dictionary and forums. Discussion and information sharing about various topics in biology and related disciplines occur.				category_id:89808;category_name:General;category_path:Education > General
database	11379	http://www.ncbi.nlm.nih.gov/entrez/query.fcgi?db=Books	https://bioinformatics.ca/links_directory/database/11379/ncbi-bookshelf	NCBI Bookshelf	Searchable collection of biomedical books linked to terms in PubMed abstracts; when viewing an abstract, click on Books link to see phrases in abstract hyperlinked to book sections.		ncbi	http://en.wikipedia.org/wiki/National_Center_for_Biotechnology_Information#NCBI_Bookshelf	category_id:89808;category_name:General;category_path:Education > General;category_id:89865;category_name:Goldmines;category_path:Literature > Goldmines				set_id:3580;set_name:National Center for Biotechnology Information (NCBI) Set
database	12245	http://www.vifabio.de/?lang=en	https://bioinformatics.ca/links_directory/database/12245/virtual-library-biology	Virtual Library of Biology	The Virtual Library of Biology (vifabio) offers a central entry-point for searching literature and biological subject information in libraries and on the Internet. 
With a single query in the Virtual Catalogue, the subject catalogues of many large libraries, major article databases (such as PubMeb), the Biodiversity Heritage Library and vifabioâ€™s Internet Guide are searched in parallel. Links to the electronic journals library and delivery services simplify access to full-text.				category_id:89811;category_name:Directories and Portals;category_path:Education > Directories and Portals;category_id:89808;category_name:General;category_path:Education > General			tag_id:148;tag_name:bibliographic databases;tag_id:381;tag_name:controlled vocabulary;tag_id:236;tag_name:europe;tag_id:69;tag_name:information services;tag_id:475;tag_name:publications;tag_id:387;tag_name:publishing;tag_id:1465;tag_name:pubmed
resource	12354	http://geneprediction.org/	https://bioinformatics.ca/links_directory/resource/12354/genepredictionorg	geneprediction.org	A collection of links and educational resources, including tutorials and freely downloadable supplementary chapters and powerpoint presentations.				category_id:89808;category_name:General;category_path:Education > General;category_id:89799;category_name:Tutorials and Directed Learning Resources;category_path:Education > Tutorials and Directed Learning Resources			tag_id:3827;tag_name:information education gene prediction
tool	12651	http://www.evolutionary-research.net/	https://bioinformatics.ca/links_directory/tool/12651/evolutionhome	evolution@home	Evolution@home is the first global computing system for evolutionary biology. It allows everybody with an Internet PC to contribute to evolutionary-research by running simulations of evolution. 				category_id:89808;category_name:General;category_path:Education > General
database	12909	http://www.cellimagelibrary.org/	https://bioinformatics.ca/links_directory/database/12909/cell-image-library	The Cell: An Image Library	This Image Library is a repository for images and movies of cells from a variety of organisms. It demonstrates cellular architecture and functions with high quality images, videos, and animations. This comprehensive and easily accessible Library is designed as a public resource first and foremost for research, and secondarily as a tool for education. The long-term goal is the construction of a library of images that will serve as primary data for research.				category_id:89808;category_name:General;category_path:Education > General			tag_id:1433;tag_name:cell biology;tag_id:1446;tag_name:database;tag_id:778;tag_name:motion pictures as topic;tag_id:158;tag_name:three-dimensional imaging
tool	9602	http://www.ncbi.nlm.nih.gov/	https://bioinformatics.ca/links_directory/tool/9602/national-center-biotechnology-information	National Center for Biotechnology Information	NCBI creates public databases, conducts research in computational biology, develops software tools for analyzing genome data, and disseminates biomedical information; est. 1988.		NCBI	http://en.wikipedia.org/wiki/National_Center_for_Biotechnology_Information	category_id:89819;category_name:Community;category_path:Education > Community;category_id:89811;category_name:Directories and Portals;category_path:Education > Directories and Portals
tool	10038	http://www.ebi.ac.uk/Tools/webservices/	https://bioinformatics.ca/links_directory/tool/10038/ebi-tools	EBI Tools	EBI Tools is a project that aims to provide programmatic access to the various databases and retrieval and analysis services that the European Bioinformatics Institute (EBI) provides through Simple Object Access Protocol (SOAP) and other related web service technologies. Example tools include those to compute sequence similarity searches, pairwise/multiple sequence alignment and protein functional analysis.	15980463;19435877;15215339;17576686;23671338			category_id:89874;category_name:3-D Structure Comparison;category_path:Protein > 3-D Structure Comparison;category_id:89811;category_name:Directories and Portals;category_path:Education > Directories and Portals;category_id:89806;category_name:Domains and Motifs;category_path:Protein > Domains and Motifs;category_id:89859;category_name:Multiple Sequence Alignments;category_path:Sequence Comparison > Multiple Sequence Alignments;category_id:89860;category_name:Pairwise Sequence Alignments;category_path:Sequence Comparison > Pairwise Sequence Alignments;category_id:89867;category_name:Search Tools;category_path:Literature > Search Tools;category_id:89831;category_name:Sequence Retrieval;category_path:RNA > Sequence Retrieval;category_id:89801;category_name:Sequence Retrieval;category_path:Protein > Sequence Retrieval;category_id:89797;category_name:Sequence Retrieval and Submission;category_path:DNA > Sequence Retrieval and Submission;category_id:89824;category_name:Tools For the Bench;category_path:DNA > Tools For the Bench;category_id:89870;category_name:Web Services;category_path:Computer Related > Web Services	id:10730;name:NAR Web Server Issue 2005;id:10728;name:NAR Web Server Issue 2007;id:9434;name:NAR Web Server Issue 2009;id:21656;name:NAR Web Server Issue 2013	9896;9304;21376;11649;11733;11671;13751;13548;13502;13500;11861;11728;13360;13359;13358;13218;11853;12064;11396;12153;10438;10624;12244;12192;11907;11814;11751;11726;11681;11664;11655;11650;11625;11624;11889;11619;11375;11352;11878;11329;11328;11327;11326;11312;11303;11239;9294;10713;10684;10666;10633;10531;10615;10735;10433;9282;9271;10384;10349;10256;9311;9322;10185;10179;10157;10153;10138;10131;9329;10042;10037;10036;10035;9992;9974;9962;9353;10738;10741;10736;9276;10754;9354;9931;9622;9596;9317;9829;9340;10745;9845;10737;10742;10740
tool	10131	http://pbil.univ-lyon1.fr/	https://bioinformatics.ca/links_directory/tool/10131/pbil	PBIL	Pole Bio-Informatique Lyonnais (PBIL) provides access to sequence databanks (EMBL, GenBank, SWISS-PROT, PIR) and to many tools of nucleic acid and protein sequence analyses.	12824334			category_id:89811;category_name:Directories and Portals;category_path:Education > Directories and Portals	id:10732;name:NAR Web Server Issue 2003	9596;29496;21474;21468;21348;21464;12131;10754;13814;13791;13774;13768;13736;13485;13285;12141;10179;12848;12153;12117;12213;11807;11797;11701;11619;11878;10719;10710;9226;10654;10638;10633;10597;10555;10615;10494;10468;10440;10423;10401;10390;10384;10349;10345;10343;10340;9337;10288;10270;10266;10256;10254;10228;9325;10196;10177;10172;10158;10157;10152;10151;9425;10038;12214;9894;9887;9846;9829;9828;9406;9808;9749;9845;9644;10072;9642;9631;9486;10042;10009;9979;10060;9882;9875;9862;9860	tag_id:32;tag_name:dna sequence analysis;tag_id:101;tag_name:genetic databases;tag_id:35;tag_name:molecular models;tag_id:97;tag_name:nucleic acids;tag_id:157;tag_name:protein conformation;tag_id:99;tag_name:protein sequence analysis;tag_id:8;tag_name:proteins;tag_id:260;tag_name:rna sequence analysis;tag_id:95;tag_name:secondary protein structure;tag_id:10;tag_name:sequence alignment;tag_id:202;tag_name:sequence homology;tag_id:141;tag_name:systems integration
tool	10153	http://www.ch.embnet.org/	https://bioinformatics.ca/links_directory/tool/10153/swiss-embnet	Swiss EMBnet	Swiss EMBnet is a web portal with links and access to various bioinformatics tools and links to institutes that are involved in bioinformatics.	12824417			category_id:89811;category_name:Directories and Portals;category_path:Education > Directories and Portals	id:10732;name:NAR Web Server Issue 2003	9642;12131;10754;13767;13751;11303;11643;11619;11340;10477;10474;10423;10401;10384;10383;10343;10275;10256;9311;10059;10038;10033;10042;10026;10009;9974;9867;9829;9596;9486	tag_id:236;tag_name:europe;tag_id:13;tag_name:protein databases;tag_id:99;tag_name:protein sequence analysis;tag_id:10;tag_name:sequence alignment
tool	10179	http://www.xml.nig.ac.jp/index.html	https://bioinformatics.ca/links_directory/tool/10179/xml-central-ddbj	XML Central of DDBJ	XML Central of the DNA Data Bank of Japan (DDBJ) provides SOAP (Simple Object Access Protocol) server and web services for various databases and bioinformatics programs.	12824432;19417067			category_id:89811;category_name:Directories and Portals;category_path:Education > Directories and Portals;category_id:89870;category_name:Web Services;category_path:Computer Related > Web Services	id:10732;name:NAR Web Server Issue 2003	21376;10754;13827;13751;13743;13598;11671;13374;12153;10438;10624;11823;9284;12192;11744;11831;11423;11878;11329;11328;11327;11326;11303;9294;10713;10684;9397;10638;10612;10539;9282;10430;10384;10267;10250;10189;10157;10138;10131;10072;9329;10038;10015;10010;9974;9931;9913;9829;9824;9804;9281;9644;9596	tag_id:270;tag_name:biology;tag_id:42;tag_name:nucleic acid databases;tag_id:141;tag_name:systems integration
resource	10754	http://www.expasy.org/	https://bioinformatics.ca/links_directory/resource/10754/expasy-molecular-biology-server	ExPASy Molecular Biology Server	ExPASy is the bioinformatics resource portal for access to programs and databases for the analysis of proteomics, genomics, phylogeny, systems biology, population genetics, transcriptomics etc.	12824418;22661580			category_id:89811;category_name:Directories and Portals;category_path:Education > Directories and Portals;category_id:89827;category_name:Do-it-all Tools for Protein;category_path:Protein > Do-it-all Tools for Protein	id:10732;name:NAR Web Server Issue 2003;id:13628;name:NAR Web Server Issue 2012	9974;9931;9896;11861;11853;10705;13462;21376;11329;12117;10612;11303;13736;10396;11375;11643;13285;10437;11357;11733;13432;10660;12848;21474;11783;11394;11798;11925;11649;13463;10433;10684;11340;13471;11392;10497;10179;12136;9271;9862;9322;10219;10153;9828;10038;9876;9875;9867;10719;21384;13435;12195;10633;11435;10477;11906;10457;11310;9294;13526;10256;10242;10238;9311;9860;12930;12321;9836;9829;10026;10184;9733;10131;10123;10031;9486;10453;9425;10384;10291;13474;9282;10043;10319;9470;9312	tag_id:241;tag_name:enzymes;tag_id:1470;tag_name:gel electrophoresis;tag_id:89708;tag_name:internet;tag_id:35;tag_name:molecular models;tag_id:157;tag_name:protein conformation;tag_id:13;tag_name:protein databases;tag_id:99;tag_name:protein sequence analysis;tag_id:8;tag_name:proteins;tag_id:305;tag_name:proteomics;tag_id:89710;tag_name:software;tag_id:141;tag_name:systems integration;tag_id:89714;tag_name:user-computer interface
resource	11220	http://www.ornl.gov/TechResources/Human_Genome/links.html#informatics	https://bioinformatics.ca/links_directory/resource/11220/links-genetic-world	Links to the Genetic World	Large directory of online resources.				category_id:89811;category_name:Directories and Portals;category_path:Education > Directories and Portals
resource	11221	http://www.bioinformatik.de/	https://bioinformatics.ca/links_directory/resource/11221/bioinformatik	Bioinformatik	Yahoo-like Webdirectory for bioinformatics.				category_id:89811;category_name:Directories and Portals;category_path:Education > Directories and Portals
resource	11222	http://www-rcf.usc.edu/~forsburg/bio.html	https://bioinformatics.ca/links_directory/resource/11222/women-biology-internet-launch-pages	Women in Biology Internet Launch Pages	Provides a starting point for biologists who are women; includes information on the history of women in science, education of women scientists, organizations, and careers.				category_id:89811;category_name:Directories and Portals;category_path:Education > Directories and Portals
resource	11238	http://us.expasy.org/alinks.html	https://bioinformatics.ca/links_directory/resource/11238/life-science-directory	Life Science Directory	Extensive list of links to biology resources; compiled by Amos Bairoch of SWISS-PROT.				category_id:89811;category_name:Directories and Portals;category_path:Education > Directories and Portals
resource	11254	http://mbcf.dfci.harvard.edu/cmsmbr/	https://bioinformatics.ca/links_directory/resource/11254/cms-molecular-biology-resource	CMS Molecular Biology Resource	Compendium of electronic and Internet-accessible tools and resources for Molecular Biology, Biotechnology, Molecular Evolution, Biochemistry and Biomolecular Modeling.				category_id:89811;category_name:Directories and Portals;category_path:Education > Directories and Portals
resource	11275	http://www.colorbasepair.com/index.html	https://bioinformatics.ca/links_directory/resource/11275/color-base-pair	Color Base Pair	On-line bioinformatics resources including links to news, forums, tutorials, and jobs.				category_id:89843;category_name:Bioinformatics Related News Sources;category_path:Education > Bioinformatics Related News Sources;category_id:89811;category_name:Directories and Portals;category_path:Education > Directories and Portals
resource	11298	http://www.pathguide.org/	https://bioinformatics.ca/links_directory/resource/11298/pathguide	PathGuide	The PathGuide - Pathway Resource List (PRL) is a database of 250+ links to resources for protein-protein interactions, metabolic and signalling pathways, transcription factor and genetic interaction networks, pathway diagrams, protein sequences, and protein-compound interactions.	16381921			category_id:89811;category_name:Directories and Portals;category_path:Education > Directories and Portals;category_id:89807;category_name:Networks & Interactions, Pathways and Enzymes;category_path:Protein > Networks & Interactions, Pathways and Enzymes		11823;13414;9620;9273;9388;10285;9269;10467;10495;10675;10685;10699;10702;11386;11433;11439;11672;11777;13529;13569;11824;13528;10570;13548;11362;11877;11845;11808;11802	tag_id:139;tag_name:gene expression regulation;tag_id:101;tag_name:genetic databases;tag_id:245;tag_name:metabolism;tag_id:8;tag_name:proteins;tag_id:252;tag_name:signal transduction;tag_id:141;tag_name:systems integration;tag_id:142;tag_name:transcription factors
resource	11303	http://www.bioinformatics.ca/links_directory/	https://bioinformatics.ca/links_directory/resource/11303/bioinformatics-links-directory	Bioinformatics Links Directory	The Bioinformatics Links Directory features curated links to molecular resources, tools and databases. All of the resources are free or available for a nominal fee.	20542914;19528072;18586831;17586821;16845014;15980476;22700703	biolinksdir	http://en.wikipedia.org/wiki/Canadian_Bioinformatics_Workshops	category_id:89811;category_name:Directories and Portals;category_path:Education > Directories and Portals	id:10732;name:NAR Web Server Issue 2003;id:10731;name:NAR Web Server Issue 2004;id:10730;name:NAR Web Server Issue 2005;id:10729;name:NAR Web Server Issue 2006;id:10728;name:NAR Web Server Issue 2007;id:10723;name:NAR Web Server Issue 2008;id:9434;name:NAR Web Server Issue 2009;id:9433;name:NAR Web Server Issue 2010;id:11978;name:NAR Web Server Issue 2011;id:13628;name:NAR Web Server Issue 2012	9294;9282;10713;10684;10488;10638;11312;11327;10666;11328;11329;11411;11619;11681;12153;12226;12057;9284;13598;9644;10179;11186;11718;10754;9845;11853;21330;13016;9931;10038;10072;10153;10154;10215;9322;9311;9293;10256;10265;10274;10319;10355;13218;10384;13556;9272;13586
resource	11329	http://www.biocatalogue.org/	https://bioinformatics.ca/links_directory/resource/11329/biocatalogue	BioCatalogue	A universal catalogue of web services for the life sciences. BioCatalogue provides a common interface for registering, browsing and annotating web services to the life science community.	20484378		http://en.wikipedia.org/wiki/BioCatalogue	category_id:89811;category_name:Directories and Portals;category_path:Education > Directories and Portals	id:9433;name:NAR Web Server Issue 2010	9931;21376;13500;10624;11303;12192;11619;11328;11327;11326;9294;10713;10684;9284;9282;9271;9322;10189;10179;10038;12182;9804;9845;10754;9452	tag_id:362;tag_name:biological science disciplines;tag_id:1308;tag_name:catalogs as topic;tag_id:46;tag_name:computational biology
resource	11331	http://www.openhelix.com/	https://bioinformatics.ca/links_directory/resource/11331/openhelix	OpenHelix	Repository of bioinformatic tutorials and resources. Some are open access, others have restricted access.				category_id:89811;category_name:Directories and Portals;category_path:Education > Directories and Portals;category_id:89799;category_name:Tutorials and Directed Learning Resources;category_path:Education > Tutorials and Directed Learning Resources
resource	11332	http://simgene.com	https://bioinformatics.ca/links_directory/resource/11332/simgene	SimGene	SimGene is a collection of freely available molecular biology tools.				category_id:89811;category_name:Directories and Portals;category_path:Education > Directories and Portals
database	11619	http://www.ebi.ac.uk	https://bioinformatics.ca/links_directory/database/11619/european-bioinformatics-institute-ebi	The European Bioinformatics Institute (EBI)	The European Bioinformatics Institute (EMBL-EBI) provides access to a comprehensive, integrated set of biological data. Resources include information on genes, genomes, proteins, expression, literature, and molecular interactions as well as many other useful resources.	19934258;15215339	emblebi	http://en.wikipedia.org/wiki/European_Bioinformatics_Institute	category_id:89805;category_name:3-D Structure Retrieval/Viewing;category_path:Protein > 3-D Structure Retrieval/Viewing;category_id:89853;category_name:Annotation and Function;category_path:Protein > Annotation and Function;category_id:89819;category_name:Community;category_path:Education > Community;category_id:89882;category_name:Databases;category_path:DNA > Databases;category_id:89886;category_name:Databases;category_path:Expression > Databases;category_id:89885;category_name:Databases;category_path:Human Genome > Databases;category_id:89887;category_name:Databases;category_path:Literature > Databases;category_id:89884;category_name:Databases;category_path:Model Organisms > Databases;category_id:89883;category_name:Databases;category_path:Other Molecules > Databases;category_id:89881;category_name:Databases;category_path:Protein > Databases;category_id:89880;category_name:Databases;category_path:RNA > Databases;category_id:89811;category_name:Directories and Portals;category_path:Education > Directories and Portals;category_id:89806;category_name:Domains and Motifs;category_path:Protein > Domains and Motifs;category_id:89859;category_name:Multiple Sequence Alignments;category_path:Sequence Comparison > Multiple Sequence Alignments;category_id:89801;category_name:Sequence Retrieval;category_path:Protein > Sequence Retrieval;category_id:89797;category_name:Sequence Retrieval and Submission;category_path:DNA > Sequence Retrieval and Submission;category_id:89851;category_name:Similarity Searching and Classification;category_path:Sequence Comparison > Similarity Searching and Classification;category_id:89846;category_name:Transcript Expression Analysis;category_path:Expression > Transcript Expression Analysis	id:10731;name:NAR Web Server Issue 2004;id:11600;name:NAR Database Issue 2010	21376;11706;11718;11733;11728;11672;11671;11630;11355;13598;11730;11721;11702;11691;13500;11662;11861;11864;11708;11633;13364;11677;13360;11623;13218;11853;11396;11647;12244;11827;11818;11814;11770;11751;11748;11744;11743;11741;11740;11735;11734;11732;11727;11726;11724;11723;11912;11714;11712;11710;11709;12064;11700;11696;11690;11689;11682;11681;11679;11676;11675;11674;11669;11666;11665;11664;11659;11655;11654;11653;11648;11645;11641;11639;11637;11634;11628;11627;11625;11624;11889;11831;11620;11703;11841;11329;9354;11328;11327;11326;11312;11303;10684;10666;10633;10322;10256;9311;10185;10153;10131;10038;9238;9974;9353;9931;9896;9845;10745;9596		set_id:3579;set_name:European Bioinformatics Institute (EBI) Set
database	12245	http://www.vifabio.de/?lang=en	https://bioinformatics.ca/links_directory/database/12245/virtual-library-biology	Virtual Library of Biology	The Virtual Library of Biology (vifabio) offers a central entry-point for searching literature and biological subject information in libraries and on the Internet. 
With a single query in the Virtual Catalogue, the subject catalogues of many large libraries, major article databases (such as PubMeb), the Biodiversity Heritage Library and vifabioâ€™s Internet Guide are searched in parallel. Links to the electronic journals library and delivery services simplify access to full-text.				category_id:89811;category_name:Directories and Portals;category_path:Education > Directories and Portals;category_id:89808;category_name:General;category_path:Education > General			tag_id:148;tag_name:bibliographic databases;tag_id:381;tag_name:controlled vocabulary;tag_id:236;tag_name:europe;tag_id:69;tag_name:information services;tag_id:475;tag_name:publications;tag_id:387;tag_name:publishing;tag_id:1465;tag_name:pubmed
database	13359	http://www.ncbi.nlm.nih.gov/biosample	https://bioinformatics.ca/links_directory/database/13359/biosample	BioSample	The BioSample database contains descriptions of biological source materials used in experimental assays. 	22139929			category_id:89882;category_name:Databases;category_path:DNA > Databases;category_id:89811;category_name:Directories and Portals;category_path:Education > Directories and Portals	id:13349;name:NAR Database Issue 2012	10038;9896;11618;10745;9281;11804;11827;9322;11831;10495;11823;11772;11360;11397;11437;11800;11671;11761;11732;13558;11696;11925;11624;9622;13360;11623;13358;11438		set_id:3580;set_name:National Center for Biotechnology Information (NCBI) Set
database	13586	http://metadatabase.org/wiki/Main_Page	https://bioinformatics.ca/links_directory/database/13586/metabase	MetaBase	The database of biological databases. A community-curated database containing more than 2000 commonly used biological databases. 	22139927			category_id:89811;category_name:Directories and Portals;category_path:Education > Directories and Portals	id:13349;name:NAR Database Issue 2012	11718;13598;13596;13592;13527;11303;12244;11789;11735;11228;9322;9281
resource	13963	http://www.biocodershub.net	https://bioinformatics.ca/links_directory/resource/13963/biocoders-hub	Biocoders Hub	A community for sharing bioinformatics source code with other specialists.		biocodersnet		category_id:89812;category_name:Bio-* Programming Tools;category_path:Computer Related > Bio-* Programming Tools;category_id:89843;category_name:Bioinformatics Related News Sources;category_path:Education > Bioinformatics Related News Sources;category_id:89819;category_name:Community;category_path:Education > Community;category_id:89811;category_name:Directories and Portals;category_path:Education > Directories and Portals;category_id:89870;category_name:Web Services;category_path:Computer Related > Web Services
resource	14018	http://www.neuroinfocomp.ca/	https://bioinformatics.ca/links_directory/resource/14018/canadian-neuroinformatics-and-computational-neuroscience-community	Canadian Neuroinformatics and Computational Neuroscience community	This web site is a portal for communication with the community. Our goal is to enhance the visibility and impact of Neuroinformatics and Computational Neurosience in Canada. We share our knowledge and encourage knowledge transfer through commonly organized events, mailing lists and open-access teaching and research resources. We hope to promote new collaborations and encourage scientific coordination leading to more efficient knowledge advancement and transfer.				category_id:89843;category_name:Bioinformatics Related News Sources;category_path:Education > Bioinformatics Related News Sources;category_id:89819;category_name:Community;category_path:Education > Community;category_id:89822;category_name:Courses, Programs and Workshops;category_path:Education > Courses, Programs and Workshops;category_id:89811;category_name:Directories and Portals;category_path:Education > Directories and Portals;category_id:89786;category_name:Education;category_path:Education
resource	15669	http://www.rosalind.info	https://bioinformatics.ca/links_directory/resource/15669/rosalind	Rosalind	osalind is a new educational resource for learning bioinformatics through problem solving and programming. Rosalind allows its users to learn bioinformatics concepts through a problem tree that builds up biological, algorithmic, and programming knowledge concurrently.

Rosalind is also designed to help bioinformatics professors manage the programming assignments in their classes via its software system for automated homework testing.		ProjectRosalind		category_id:89811;category_name:Directories and Portals;category_path:Education > Directories and Portals
tool	35249	http://www.isb-sib.ch	https://bioinformatics.ca/links_directory/tool/35249/sib-swiss-institute-bioinformatics	The SIB Swiss Institute of Bioinformatics	The SIB Swiss Institute of Bioinformatics provides life science databases, tools and support. SIB coordinates research and education in bioinformatics throughout Switzerland and provides high quality bioinformatics services to the national and international research community.				category_id:89881;category_name:Databases;category_path:Protein > Databases;category_id:89811;category_name:Directories and Portals;category_path:Education > Directories and Portals;category_id:89827;category_name:Do-it-all Tools for Protein;category_path:Protein > Do-it-all Tools for Protein;category_id:89824;category_name:Tools For the Bench;category_path:DNA > Tools For the Bench;category_id:89799;category_name:Tutorials and Directed Learning Resources;category_path:Education > Tutorials and Directed Learning Resources;category_id:89870;category_name:Web Services;category_path:Computer Related > Web Services	id:36133;name:NAR Web Server Issue 2014
tool	9602	http://www.ncbi.nlm.nih.gov/	https://bioinformatics.ca/links_directory/tool/9602/national-center-biotechnology-information	National Center for Biotechnology Information	NCBI creates public databases, conducts research in computational biology, develops software tools for analyzing genome data, and disseminates biomedical information; est. 1988.		NCBI	http://en.wikipedia.org/wiki/National_Center_for_Biotechnology_Information	category_id:89819;category_name:Community;category_path:Education > Community;category_id:89811;category_name:Directories and Portals;category_path:Education > Directories and Portals
resource	11232	http://www.iscb.org/	https://bioinformatics.ca/links_directory/resource/11232/international-society-computational-biology	International Society for Computational Biology	Scholarly society dedicated to advancing the scientific understanding of living systems through computation; emphasis is on the role of computing and informatics in advancing molecular biology.			http://en.wikipedia.org/wiki/International_Society_for_Computational_Biology	category_id:89819;category_name:Community;category_path:Education > Community
resource	11233	http://bioinformatics.ubc.ca	https://bioinformatics.ca/links_directory/resource/11233/ubc-bioinformatics-center-ubic	UBC Bioinformatics Center (UBiC)	A world-class centre of excellence for bioinformatics research and training.				category_id:89819;category_name:Community;category_path:Education > Community
resource	11234	http://www.bcgsc.bc.ca/	https://bioinformatics.ca/links_directory/resource/11234/michael-smith-genome-sciences-centre	Michael Smith Genome Sciences Centre	Deploy resources and technology of a high-throughput genome mapping and DNA sequencing lab to decrypt the genetic code, specifically to advance cancer research, diagnosis, and treatment.				category_id:89819;category_name:Community;category_path:Education > Community
resource	11244	http://www.tcag.ca/	https://bioinformatics.ca/links_directory/resource/11244/tcag-centre-applied-genomics-toronto	TCAG: The Centre for Applied Genomics, Toronto	The Centre for Applied Genomics is a Canadian centre for human genome and disease research.  Resources include Genomic and cDNA library screening (human, mouse, dog, pig) provided free to Canadian academic researchers with a nominal clone retrieval fee. Also: Research Genetics, NIA/NIH and RIKEN cDNAs.				category_id:89849;category_name:cDNA, EST, SAGE;category_path:Expression > cDNA, EST, SAGE;category_id:89819;category_name:Community;category_path:Education > Community;category_id:89857;category_name:Mouse and Rat;category_path:Model Organisms > Mouse and Rat;category_id:89813;category_name:Other Organisms;category_path:Model Organisms > Other Organisms;category_id:89818;category_name:Other Resources;category_path:Human Genome > Other Resources;category_id:89792;category_name:Other Vertebrates;category_path:Model Organisms > Other Vertebrates
resource	11249	http://www.bioinformatics.ca/resources/people	https://bioinformatics.ca/links_directory/resource/11249/canada-bioinformatics-people	Canada Bioinformatics People	Principal investigators and group leaders from academia, government labs, and industry with an interest in development of bioinformatics resources in Canada.				category_id:89819;category_name:Community;category_path:Education > Community
resource	11250	http://www.vanbug.org	https://bioinformatics.ca/links_directory/resource/11250/vanbug-vancouver-bioinformatics-user-group	VanBUG - Vancouver Bioinformatics User Group	Association of researchers, other professionals, and students in the BC Lower Mainland who have an interest in bioinformatics; monthly meetings will be held to present work, ask questions, share tips and tricks.				category_id:89819;category_name:Community;category_path:Education > Community
resource	11251	http://www.rpmpn.mcgill.ca/	https://bioinformatics.ca/links_directory/resource/11251/montreal-proteomics-network-rpmpn	Montreal Proteomics Network (RPMPN)	A network of researchers working towards the identification, characterization and localization of every protein for every mammalian cell organelle.				category_id:89819;category_name:Community;category_path:Education > Community
resource	11252	http://genomecanada.ca/	https://bioinformatics.ca/links_directory/resource/11252/genome-canada	Genome Canada	The primary funding resource relating to genomics and proteomics in Canada.				category_id:89819;category_name:Community;category_path:Education > Community
resource	11272	http://www.mcb.mcgill.ca/	https://bioinformatics.ca/links_directory/resource/11272/mcgill-centre-bioinformatics	McGill Centre for Bioinformatics	The Centre for Bioinformatics at McGill is committed to developing the area as a focus of academic research excellence.				category_id:89819;category_name:Community;category_path:Education > Community
resource	11305	http://bioinformatics.org/	https://bioinformatics.ca/links_directory/resource/11305/bioinformatics-organization-inc	The Bioinformatics Organization, Inc.	Bioinformatics.org was founded to facilitate interaction between established and aspiring bioinformatics researchers.  The website provides many resources, including project hosting, online databases and analysis tools, and several forums and discussion groups.				category_id:89819;category_name:Community;category_path:Education > Community
resource	11306	http://hum-molgen.org/	https://bioinformatics.ca/links_directory/resource/11306/human-molecular-genetics-portal-site	HUMan MOLecular GENetics Portal Site	The HUMan MOLecular GENetics Portal Site (HUM-MOLGEN) is a source of various types of information related to  human molecular genetics, including: news, lists of and links to biomedical companies and journals, job and event listings and discussion forums.				category_id:89819;category_name:Community;category_path:Education > Community
resource	11314	http://www.open-bio.org/	https://bioinformatics.ca/links_directory/resource/11314/open-bioinformatics-foundation	Open Bioinformatics Foundation	The Open Bioinformatics Foundation is a non profit, volunteer run organization focused on supporting open source programming in bioinformatics.		obf_news	http://en.wikipedia.org/wiki/Open_Bioinformatics_Foundation	category_id:89812;category_name:Bio-* Programming Tools;category_path:Computer Related > Bio-* Programming Tools;category_id:89819;category_name:Community;category_path:Education > Community				set_id:3589;set_name:Open Bioinformatics Foundation Set
resource	11317	http://www.bchimps.org/	https://bioinformatics.ca/links_directory/resource/11317/bchimps	BCHIMPS	BC Health Information Management Professionals' Society (BCHIMPS) non-profit organization that is responsible for managing health information within BC.				category_id:89819;category_name:Community;category_path:Education > Community
resource	11318	http://www.echima.ca/	https://bioinformatics.ca/links_directory/resource/11318/chima	CHIMA	The Canadian Health Information Management Association (CHIMA) is a membership-based organization that manage the security, privacy and accuracy of patient records in hospitals across Canada.		e_chima		category_id:89819;category_name:Community;category_path:Education > Community
resource	11319	http://www.coachorg.com/default.asp?id=367	https://bioinformatics.ca/links_directory/resource/11319/coach	COACH	Canadian Organzation for the Advancement of Computers in Health (COACH) is an organization that promotes understanding of health informatics within the Canadian health system through education, information, networking and communication.				category_id:89819;category_name:Community;category_path:Education > Community
resource	11320	https://www.infoway-inforoute.ca/	https://bioinformatics.ca/links_directory/resource/11320/canada-health-infoway	Canada Health Infoway	Canada Health Infoway is working to develop a network of electronic health records across Canada in order to improve the quality and access to healthcare services, therefore making them more productive.		Infoway	http://en.wikipedia.org/wiki/Canada_Health_Infoway	category_id:89819;category_name:Community;category_path:Education > Community;category_id:89854;category_name:Health and Disease;category_path:Human Genome > Health and Disease
resource	11322	http://www.sysbiosociety.ca/	https://bioinformatics.ca/links_directory/resource/11322/canadian-society-systems-biology	Canadian Society for Systems Biology	The Canadian Society for Systems Biology aims at supporting and developing initiatives that strengthen Systems Biology research in Canada.				category_id:89819;category_name:Community;category_path:Education > Community
database	11619	http://www.ebi.ac.uk	https://bioinformatics.ca/links_directory/database/11619/european-bioinformatics-institute-ebi	The European Bioinformatics Institute (EBI)	The European Bioinformatics Institute (EMBL-EBI) provides access to a comprehensive, integrated set of biological data. Resources include information on genes, genomes, proteins, expression, literature, and molecular interactions as well as many other useful resources.	19934258;15215339	emblebi	http://en.wikipedia.org/wiki/European_Bioinformatics_Institute	category_id:89805;category_name:3-D Structure Retrieval/Viewing;category_path:Protein > 3-D Structure Retrieval/Viewing;category_id:89853;category_name:Annotation and Function;category_path:Protein > Annotation and Function;category_id:89819;category_name:Community;category_path:Education > Community;category_id:89882;category_name:Databases;category_path:DNA > Databases;category_id:89886;category_name:Databases;category_path:Expression > Databases;category_id:89885;category_name:Databases;category_path:Human Genome > Databases;category_id:89887;category_name:Databases;category_path:Literature > Databases;category_id:89884;category_name:Databases;category_path:Model Organisms > Databases;category_id:89883;category_name:Databases;category_path:Other Molecules > Databases;category_id:89881;category_name:Databases;category_path:Protein > Databases;category_id:89880;category_name:Databases;category_path:RNA > Databases;category_id:89811;category_name:Directories and Portals;category_path:Education > Directories and Portals;category_id:89806;category_name:Domains and Motifs;category_path:Protein > Domains and Motifs;category_id:89859;category_name:Multiple Sequence Alignments;category_path:Sequence Comparison > Multiple Sequence Alignments;category_id:89801;category_name:Sequence Retrieval;category_path:Protein > Sequence Retrieval;category_id:89797;category_name:Sequence Retrieval and Submission;category_path:DNA > Sequence Retrieval and Submission;category_id:89851;category_name:Similarity Searching and Classification;category_path:Sequence Comparison > Similarity Searching and Classification;category_id:89846;category_name:Transcript Expression Analysis;category_path:Expression > Transcript Expression Analysis	id:10731;name:NAR Web Server Issue 2004;id:11600;name:NAR Database Issue 2010	21376;11706;11718;11733;11728;11672;11671;11630;11355;13598;11730;11721;11702;11691;13500;11662;11861;11864;11708;11633;13364;11677;13360;11623;13218;11853;11396;11647;12244;11827;11818;11814;11770;11751;11748;11744;11743;11741;11740;11735;11734;11732;11727;11726;11724;11723;11912;11714;11712;11710;11709;12064;11700;11696;11690;11689;11682;11681;11679;11676;11675;11674;11669;11666;11665;11664;11659;11655;11654;11653;11648;11645;11641;11639;11637;11634;11628;11627;11625;11624;11889;11831;11620;11703;11841;11329;9354;11328;11327;11326;11312;11303;10684;10666;10633;10322;10256;9311;10185;10153;10131;10038;9238;9974;9353;9931;9896;9845;10745;9596		set_id:3579;set_name:European Bioinformatics Institute (EBI) Set
resource	13963	http://www.biocodershub.net	https://bioinformatics.ca/links_directory/resource/13963/biocoders-hub	Biocoders Hub	A community for sharing bioinformatics source code with other specialists.		biocodersnet		category_id:89812;category_name:Bio-* Programming Tools;category_path:Computer Related > Bio-* Programming Tools;category_id:89843;category_name:Bioinformatics Related News Sources;category_path:Education > Bioinformatics Related News Sources;category_id:89819;category_name:Community;category_path:Education > Community;category_id:89811;category_name:Directories and Portals;category_path:Education > Directories and Portals;category_id:89870;category_name:Web Services;category_path:Computer Related > Web Services
resource	14018	http://www.neuroinfocomp.ca/	https://bioinformatics.ca/links_directory/resource/14018/canadian-neuroinformatics-and-computational-neuroscience-community	Canadian Neuroinformatics and Computational Neuroscience community	This web site is a portal for communication with the community. Our goal is to enhance the visibility and impact of Neuroinformatics and Computational Neurosience in Canada. We share our knowledge and encourage knowledge transfer through commonly organized events, mailing lists and open-access teaching and research resources. We hope to promote new collaborations and encourage scientific coordination leading to more efficient knowledge advancement and transfer.				category_id:89843;category_name:Bioinformatics Related News Sources;category_path:Education > Bioinformatics Related News Sources;category_id:89819;category_name:Community;category_path:Education > Community;category_id:89822;category_name:Courses, Programs and Workshops;category_path:Education > Courses, Programs and Workshops;category_id:89811;category_name:Directories and Portals;category_path:Education > Directories and Portals;category_id:89786;category_name:Education;category_path:Education
resource	11289	http://www.nslij-genetics.org/bioinfotraining/	https://bioinformatics.ca/links_directory/resource/11289/list-bioinformatics-courses	A List of Bioinformatics Courses	A list of programs, workshops and individual courses in bioinformatics maintained at the Robert S. Boas Center for Genomics and Human Genetics.				category_id:89822;category_name:Courses, Programs and Workshops;category_path:Education > Courses, Programs and Workshops
resource	11330	http://www.bioinformatics.ca/	https://bioinformatics.ca/links_directory/resource/11330/canadian-bioinformatics-workshops	Canadian Bioinformatics Workshops	Hands-on instruction in the use and development of software tools for genomic and computational biology research.	22046119		http://en.wikipedia.org/wiki/Canadian_Bioinformatics_Workshops	category_id:89822;category_name:Courses, Programs and Workshops;category_path:Education > Courses, Programs and Workshops;category_id:89799;category_name:Tutorials and Directed Learning Resources;category_path:Education > Tutorials and Directed Learning Resources		13016	tag_id:46;tag_name:computational biology;tag_id:89703;tag_name:curriculum;tag_id:17;tag_name:humans;tag_id:89705;tag_name:teaching
resource	13016	http://gtpb.igc.gulbenkian.pt	https://bioinformatics.ca/links_directory/resource/13016/gtpb	GTPB	The GTPB runs regularly at the Instituto Gulbenkian de Ciência since 1999. Each year, about 250 course attendees acquire practical skills that they can use with independence. More than 15 different short, intensive hands on courses available on application.	20966000			category_id:89822;category_name:Courses, Programs and Workshops;category_path:Education > Courses, Programs and Workshops		11330;11303	tag_id:4582;tag_name:Biostatistics;tag_id:46;tag_name:computational biology;tag_id:44;tag_name:genomics;tag_id:6876;tag_name:hands-on;tag_id:6880;tag_name:portugal;tag_id:305;tag_name:proteomics;tag_id:6878;tag_name:sequencing;tag_id:6877;tag_name:training
tool	13820	http://www.123genomics.com/courses.html	https://bioinformatics.ca/links_directory/tool/13820/123-genomics-courses-college-degrees-and-training	123 Genomics: Courses, College Degrees and Training	Links to Courses, College Degrees and Training at 123 Genomics - a Genomics, Proteomics and Bioinformatics Knowledge Base				category_id:89822;category_name:Courses, Programs and Workshops;category_path:Education > Courses, Programs and Workshops
resource	14018	http://www.neuroinfocomp.ca/	https://bioinformatics.ca/links_directory/resource/14018/canadian-neuroinformatics-and-computational-neuroscience-community	Canadian Neuroinformatics and Computational Neuroscience community	This web site is a portal for communication with the community. Our goal is to enhance the visibility and impact of Neuroinformatics and Computational Neurosience in Canada. We share our knowledge and encourage knowledge transfer through commonly organized events, mailing lists and open-access teaching and research resources. We hope to promote new collaborations and encourage scientific coordination leading to more efficient knowledge advancement and transfer.				category_id:89843;category_name:Bioinformatics Related News Sources;category_path:Education > Bioinformatics Related News Sources;category_id:89819;category_name:Community;category_path:Education > Community;category_id:89822;category_name:Courses, Programs and Workshops;category_path:Education > Courses, Programs and Workshops;category_id:89811;category_name:Directories and Portals;category_path:Education > Directories and Portals;category_id:89786;category_name:Education;category_path:Education
resource	11213	http://www.genomenewsnetwork.org/	https://bioinformatics.ca/links_directory/resource/11213/genome-news-network	Genome News Network	Bi-weekly online news magazine, covering genomics, proteomics, and related news in biomedical, microbial, and agricultural research; publication of The Institute for Genomic Research (TIGR).				category_id:89843;category_name:Bioinformatics Related News Sources;category_path:Education > Bioinformatics Related News Sources
resource	11259	http://bio.org/news/	https://bioinformatics.ca/links_directory/resource/11259/sciencebioorg-news	Science.bio.org News	Archived daily news source for current events in biotechnology.				category_id:89843;category_name:Bioinformatics Related News Sources;category_path:Education > Bioinformatics Related News Sources
resource	11262	http://www.genomeweb.com/	https://bioinformatics.ca/links_directory/resource/11262/genome-web	Genome Web	News reports on the business and technology of genomics, updated continuously throughout 
the business day.		GenomeTechMag		category_id:89843;category_name:Bioinformatics Related News Sources;category_path:Education > Bioinformatics Related News Sources
resource	11263	http://snowdeal.org/section/informatics/	https://bioinformatics.ca/links_directory/resource/11263/snowdealorg-biomedicalinformatics	snowdeal.org > {bio,medical}informatics	A weblog that provides daily updates and links to news items and stories of interest to bioinformatics community.				category_id:89843;category_name:Bioinformatics Related News Sources;category_path:Education > Bioinformatics Related News Sources
resource	11264	http://www.bio-itworld.com/	https://bioinformatics.ca/links_directory/resource/11264/bio-it-world	Bio-IT World	BIO IT technology trends & forecasts, industry news & analysis, bioinformatics and drug discovery updates.		bioitworld		category_id:89843;category_name:Bioinformatics Related News Sources;category_path:Education > Bioinformatics Related News Sources
resource	11267	http://www.the-scientist.com/	https://bioinformatics.ca/links_directory/resource/11267/scientist	The Scientist	News journal for the life scientist.		TheScientistLLC	http://en.wikipedia.org/wiki/The_Scientist	category_id:89843;category_name:Bioinformatics Related News Sources;category_path:Education > Bioinformatics Related News Sources
resource	11269	http://genomebiology.com/	https://bioinformatics.ca/links_directory/resource/11269/genome-biology	Genome Biology	Research news from the life sciences.				category_id:89843;category_name:Bioinformatics Related News Sources;category_path:Education > Bioinformatics Related News Sources
resource	11270	http://www.eurekalert.org/bysubject/biology.php	https://bioinformatics.ca/links_directory/resource/11270/eureka-alert	Eureka Alert	Daily news updates on science, medicine, health, and technology.				category_id:89843;category_name:Bioinformatics Related News Sources;category_path:Education > Bioinformatics Related News Sources
resource	11275	http://www.colorbasepair.com/index.html	https://bioinformatics.ca/links_directory/resource/11275/color-base-pair	Color Base Pair	On-line bioinformatics resources including links to news, forums, tutorials, and jobs.				category_id:89843;category_name:Bioinformatics Related News Sources;category_path:Education > Bioinformatics Related News Sources;category_id:89811;category_name:Directories and Portals;category_path:Education > Directories and Portals
resource	13963	http://www.biocodershub.net	https://bioinformatics.ca/links_directory/resource/13963/biocoders-hub	Biocoders Hub	A community for sharing bioinformatics source code with other specialists.		biocodersnet		category_id:89812;category_name:Bio-* Programming Tools;category_path:Computer Related > Bio-* Programming Tools;category_id:89843;category_name:Bioinformatics Related News Sources;category_path:Education > Bioinformatics Related News Sources;category_id:89819;category_name:Community;category_path:Education > Community;category_id:89811;category_name:Directories and Portals;category_path:Education > Directories and Portals;category_id:89870;category_name:Web Services;category_path:Computer Related > Web Services
resource	14018	http://www.neuroinfocomp.ca/	https://bioinformatics.ca/links_directory/resource/14018/canadian-neuroinformatics-and-computational-neuroscience-community	Canadian Neuroinformatics and Computational Neuroscience community	This web site is a portal for communication with the community. Our goal is to enhance the visibility and impact of Neuroinformatics and Computational Neurosience in Canada. We share our knowledge and encourage knowledge transfer through commonly organized events, mailing lists and open-access teaching and research resources. We hope to promote new collaborations and encourage scientific coordination leading to more efficient knowledge advancement and transfer.				category_id:89843;category_name:Bioinformatics Related News Sources;category_path:Education > Bioinformatics Related News Sources;category_id:89819;category_name:Community;category_path:Education > Community;category_id:89822;category_name:Courses, Programs and Workshops;category_path:Education > Courses, Programs and Workshops;category_id:89811;category_name:Directories and Portals;category_path:Education > Directories and Portals;category_id:89786;category_name:Education;category_path:Education