{
	"class" : {
		 },
	"instance" : {
		"excerpt:" : "DaleHenrichs 02/17/2011 16:53",
		"excerpt:radius:" : "DaleHenrichs 02/17/2011 16:53",
		"excerpt:radius:ellipsis:" : "DaleHenrichs 02/17/2011 16:53",
		"greaseInteger" : "DaleHenrichs 02/17/2011 16:53",
		"pluralize" : "DaleHenrichs 02/17/2011 16:53",
		"print:on:" : "DaleHenrichs 02/17/2011 16:53",
		"substrings:" : "JohanBrichau 05/25/2017 04:14",
		"trimBoth" : "DaleHenrichs 02/17/2011 16:53",
		"trimBoth:" : "DaleHenrichs 02/17/2011 16:53",
		"trimLeft" : "DaleHenrichs 02/17/2011 16:53",
		"trimLeft:" : "DaleHenrichs 02/17/2011 16:53",
		"trimLeft:right:" : "DaleHenrichs 02/17/2011 16:53",
		"trimRight" : "DaleHenrichs 02/17/2011 16:53",
		"trimRight:" : "DaleHenrichs 02/17/2011 16:53",
		"truncate" : "DaleHenrichs 02/17/2011 16:53",
		"truncate:" : "DaleHenrichs 02/17/2011 16:53",
		"truncate:ellipsis:" : "DaleHenrichs 02/17/2011 16:53" } }
