{
	"instance" : {
		"localNameOf:" : "pmm 8/19/2014 10:10",
		"stackDepth" : "jf 1/22/2009 02:11",
		"versionString" : "jf 2/9/2010 00:57",
		"semaphoreClass" : "jf 1/22/2009 02:10",
		"reducedConflictDictionary" : "jf 1/22/2009 02:39",
		"directoriesIn:" : "NickAger 3/9/2012 11:29",
		"doTransaction:" : "lr 7/25/2011 19:51",
		"terminateProcess:" : "jf 2/6/2009 16:00",
		"openDebuggerOn:" : "jf 1/22/2009 02:11",
		"bindingOf:" : "pmm 8/23/2014 11:42",
		"convertToSmalltalkNewlines:" : "lr 4/15/2010 19:15",
		"writeCharacterStreamOn:" : "pmm 8/26/2011 09:45",
		"pathSeparator" : "pmm 2/5/2011 09:53",
		"compile:into:classified:" : "jf 1/22/2009 02:11",
		"weakDictionaryOfSize:" : "jf 1/22/2009 02:11",
		"write:toFile:inFolder:" : "pmm 8/19/2014 10:11",
		"base64Decode:" : "pmm 8/27/2011 15:12",
		"removeFromShutDownList:" : "jf 1/22/2009 02:11",
		"removeFromStartUpList:" : "jf 1/22/2009 02:11",
		"isProcessTerminated:" : "jf 2/6/2009 16:00",
		"label" : "jf 2/9/2010 00:57",
		"addToShutDownList:" : "jf 1/22/2009 02:11",
		"newRandom" : "jf 9/25/2009 16:40",
		"ensureExistenceOfFolder:" : "pmm 2/5/2011 09:54",
		"version" : "JohanBrichau 5/25/2017 17:46",
		"contentsOfFile:binary:" : "jf 1/22/2009 02:11",
		"addToStartUpList:" : "jf 1/22/2009 02:10",
		"removeSelector:from:" : "jf 1/22/2009 02:11",
		"secureHashFor:" : "jf 1/22/2009 02:11",
		"fileExists:" : "JohanBrichau 10/3/2014 20:02",
		"filesIn:" : "pmm 2/5/2011 09:54",
		"newline" : "lr 4/15/2010 19:13",
		"readWriteCharacterStream" : "lr 7/25/2011 19:51",
		"readWriteByteStream" : "lr 7/25/2011 19:51",
		"deprecationExceptionSet" : "pmm 9/6/2014 12:17",
		"asMethodReturningByteArray:named:" : "jf 1/22/2009 02:11",
		"fileStreamOn:do:binary:" : "JohanBrichau 10/3/2014 20:00"
	},
	"class" : {
		"current" : "jgf 1/25/2009 12:06",
		"unselect" : "jf 9/30/2009 00:19",
		"current:" : "jf 1/21/2009 17:08",
		"select" : "jf 9/30/2009 00:19"
	}
}