{
	"class" : {
		"new" : "jf 7/10/2011 23:28",
		"selector:" : "jf 7/10/2011 23:27" },
	"instance" : {
		"argumentCount" : "jf 7/10/2011 23:02",
		"basicPerformFor:withArguments:" : "jf 7/10/2011 23:20",
		"initializeWithSelector:" : "jf 7/10/2011 23:01",
		"invalidArgumentCount" : "jf 7/10/2011 23:25",
		"mergeArguments:" : "jf 7/10/2011 23:14",
		"printOn:" : "jf 7/10/2011 23:36",
		"valueFor:withArguments:" : "jf 7/10/2011 23:37",
		"valueFor:withPossibleArguments:" : "jf 7/10/2011 23:19" } }
