type	id	url	url_linksdir	title	description	pmid	twitter	wikipedia	category	journal	related_link	tag	set
resource	11253	http://www.nature.com/cgi-taf/DynaPage.taf?file=/ng/journal/v35/n1s/index.html	https://bioinformatics.ca/links_directory/resource/11253/users-guide-human-genome	Users Guide to the Human Genome	Hands-on tutorial for using genome browsers as web tools for browsing and analyzing data from the Human Genome Project and other sequencing efforts; features UCSC Genome Browser, the NCBI Map Viewer, and the Ensembl Genome Browser.	14578890;12236228			category_id:89816;category_name:Annotations;category_path:Human Genome > Annotations;category_id:89865;category_name:Goldmines;category_path:Literature > Goldmines;category_id:89818;category_name:Other Resources;category_path:Human Genome > Other Resources;category_id:89799;category_name:Tutorials and Directed Learning Resources;category_path:Education > Tutorials and Directed Learning Resources			tag_id:46;tag_name:computational biology;tag_id:53;tag_name:human genome;tag_id:230;tag_name:human genome project;tag_id:17;tag_name:humans
database	11366	http://www.ncbi.nlm.nih.gov:80/entrez/query.fcgi?db=PubMed	https://bioinformatics.ca/links_directory/database/11366/pubmed	PubMed	Entrez-searchable database of biomedical literature citations with links to molecular resources at the NCBI.		ncbi_pubmed	http://en.wikipedia.org/wiki/PubMed	category_id:89865;category_name:Goldmines;category_path:Literature > Goldmines;category_id:89867;category_name:Search Tools;category_path:Literature > Search Tools
database	11379	http://www.ncbi.nlm.nih.gov/entrez/query.fcgi?db=Books	https://bioinformatics.ca/links_directory/database/11379/ncbi-bookshelf	NCBI Bookshelf	Searchable collection of biomedical books linked to terms in PubMed abstracts; when viewing an abstract, click on Books link to see phrases in abstract hyperlinked to book sections.		ncbi	http://en.wikipedia.org/wiki/National_Center_for_Biotechnology_Information#NCBI_Bookshelf	category_id:89808;category_name:General;category_path:Education > General;category_id:89865;category_name:Goldmines;category_path:Literature > Goldmines				set_id:3580;set_name:National Center for Biotechnology Information (NCBI) Set
database	11380	http://www3.oup.co.uk/nar/database/a/	https://bioinformatics.ca/links_directory/database/11380/nucleic-acids-research-database-issue	Nucleic Acids Research Database Issue	Molecular Biology Database Collection with links to databases with short descriptions of each.				category_id:89865;category_name:Goldmines;category_path:Literature > Goldmines
database	11438	http://www.pubmedcentral.gov/	https://bioinformatics.ca/links_directory/database/11438/pubmed-central	PubMed Central	PubMed Central (PMC) is the U.S. National Institutes of Health (NIH) free digital archive of biomedical and life sciences journal literature.	16381840	ncbi_pubmed	http://en.wikipedia.org/wiki/PubMed_Central	category_id:89865;category_name:Goldmines;category_path:Literature > Goldmines;category_id:89867;category_name:Search Tools;category_path:Literature > Search Tools		11696;11630;11397;11367;11361;11360;11342;11772;10611;11685;13558;13501;13473;13359;13358;10343;10015;9333;11674;11656;11624;11623;9304;9825;10726;10745;9622;9558;9536;11872;11804;11791;11768;11761;11741;11732;11618
database	9288	http://bioportal.bioontology.org	https://bioinformatics.ca/links_directory/database/9288/bioportal	BioPortal	BioPortal is a web accessible open repository of biomedical ontologies. Users may browse, search and visualize ontologies, as well as participate in the evaluation and evolution of ontology reviews by adding notes, corrections, reviews, etc. Data from other sources such as GEO, ClinicalTrials.gov and ArrayExpress may also be integrated with the ontologies.	19483092;21672956	bioontology		category_id:89856;category_name:Annotations;category_path:DNA > Annotations;category_id:89816;category_name:Annotations;category_path:Human Genome > Annotations;category_id:89866;category_name:Open Access Resources;category_path:Literature > Open Access Resources;category_id:89867;category_name:Search Tools;category_path:Literature > Search Tools;category_id:89846;category_name:Transcript Expression Analysis;category_path:Expression > Transcript Expression Analysis	id:9434;name:NAR Web Server Issue 2009;id:11978;name:NAR Web Server Issue 2011	9240;13547;13500;11922;11885;10713;10438;10024
database	9330	http://mips.helmholtz-muenchen.de/proj/ccancer	https://bioinformatics.ca/links_directory/database/9330/ccancer	CCancer	CCancer is an automatically collected database of gene lists reported in various studies. The current coverage is 3369 gene lists from 2644 papers. Enrichment analysis reports intersecting gene lists with an inputted gene list.	20529879			category_id:89878;category_name:Gene Set Analysis;category_path:Expression > Gene Set Analysis;category_id:89866;category_name:Open Access Resources;category_path:Literature > Open Access Resources	id:9433;name:NAR Web Server Issue 2010	21544;12152;11769;11722;11704;11697;11388;9295;10675;10368;10277;9905
database	9416	http://www.doaj.org/	https://bioinformatics.ca/links_directory/database/9416/directory-open-access-journals	Directory of Open Access Journals	The Directory of Open Access Journals provides a listing of open-access journals and a searchable database of article abstracts from them.  It aims to incorporate journals from all subjects and languages.			http://en.wikipedia.org/wiki/Directory_of_Open_Access_Journals	category_id:89866;category_name:Open Access Resources;category_path:Literature > Open Access Resources
resource	11276	http://www.plos.org/	https://bioinformatics.ca/links_directory/resource/11276/public-library-science	Public Library of Science	The Public Library of Science (PLoS) is a non-profit organization of scientists and physicians committed to making the world\'s scientific and medical literature a freely available public resource.		plos	http://en.wikipedia.org/wiki/Public_Library_of_Science	category_id:89866;category_name:Open Access Resources;category_path:Literature > Open Access Resources
resource	27099	http://dgidb.genome.wustl.edu/	https://bioinformatics.ca/links_directory/resource/27099/dgidb-mining-druggable-genome	DGIdb - Mining the Druggable Genome	The Drug-Gene Interaction database (DGIdb) mines existing resources that generate hypotheses about how genes might be targeted therapeutically or prioritized for drug development. It provides an interface for searching lists of genes against a compendium of drug-gene interactions and potentially 'druggable' genes.	24122041			category_id:89816;category_name:Annotations;category_path:Human Genome > Annotations;category_id:89856;category_name:Annotations;category_path:DNA > Annotations;category_id:89876;category_name:Compounds;category_path:Other Molecules > Compounds;category_id:89887;category_name:Databases;category_path:Literature > Databases;category_id:89885;category_name:Databases;category_path:Human Genome > Databases;category_id:89882;category_name:Databases;category_path:DNA > Databases;category_id:89815;category_name:Databases;category_path:Computer Related > Databases;category_id:89814;category_name:Genomics;category_path:Human Genome > Genomics;category_id:89854;category_name:Health and Disease;category_path:Human Genome > Health and Disease;category_id:89866;category_name:Open Access Resources;category_path:Literature > Open Access Resources;category_id:89870;category_name:Web Services;category_path:Computer Related > Web Services		11748;9257;10319;9307;10391;11671;11310;11722
database	9288	http://bioportal.bioontology.org	https://bioinformatics.ca/links_directory/database/9288/bioportal	BioPortal	BioPortal is a web accessible open repository of biomedical ontologies. Users may browse, search and visualize ontologies, as well as participate in the evaluation and evolution of ontology reviews by adding notes, corrections, reviews, etc. Data from other sources such as GEO, ClinicalTrials.gov and ArrayExpress may also be integrated with the ontologies.	19483092;21672956	bioontology		category_id:89856;category_name:Annotations;category_path:DNA > Annotations;category_id:89816;category_name:Annotations;category_path:Human Genome > Annotations;category_id:89866;category_name:Open Access Resources;category_path:Literature > Open Access Resources;category_id:89867;category_name:Search Tools;category_path:Literature > Search Tools;category_id:89846;category_name:Transcript Expression Analysis;category_path:Expression > Transcript Expression Analysis	id:9434;name:NAR Web Server Issue 2009;id:11978;name:NAR Web Server Issue 2011	9240;13547;13500;11922;11885;10713;10438;10024
database	9310	http://botdb.abcc.ncifcrf.gov/	https://bioinformatics.ca/links_directory/database/9310/botxminer	botXminer	botXminer is a literature searching tool that allows you to search BotDB.  BotDB citations contain only those articles with either \'botulinum\' or \'tetanus\' anywhere in their text.  botXminer is an interface to this subset of complete medline xml files loaded into an Oracle XMLDB.	16845112;15027052			category_id:89867;category_name:Search Tools;category_path:Literature > Search Tools;category_id:89868;category_name:Text Mining and Semantics;category_path:Literature > Text Mining and Semantics	id:10729;name:NAR Web Server Issue 2006	11439;11311;10750;10560;10503;10481;10448;10189;10185;9989;9964;9829	tag_id:93;tag_name:amino acid sequence;tag_id:1019;tag_name:botulinum toxins;tag_id:67;tag_name:database management systems;tag_id:149;tag_name:medline;tag_id:6;tag_name:molecular sequence data;tag_id:13;tag_name:protein databases;tag_id:1020;tag_name:tetanus toxin
tool	9558	http://pubcrawler.gen.tcd.ie/	https://bioinformatics.ca/links_directory/tool/9558/pubcrawler	PubCrawler	It goes to the library. You go to the pub; receive email alerts for current contents of PubMed and GenBank; e.g. use accession number of htg record as query to receive sequence updates (as the version number changes).	10529811;15215341			category_id:89867;category_name:Search Tools;category_path:Literature > Search Tools;category_id:89831;category_name:Sequence Retrieval;category_path:RNA > Sequence Retrieval;category_id:89801;category_name:Sequence Retrieval;category_path:Protein > Sequence Retrieval;category_id:89797;category_name:Sequence Retrieval and Submission;category_path:DNA > Sequence Retrieval and Submission	id:10731;name:NAR Web Server Issue 2004	10462;11439;11438;10503;10477;10448;10401;10072;10015;9829;10726	tag_id:263;tag_name:electronic mail;tag_id:69;tag_name:information services;tag_id:149;tag_name:medline;tag_id:103;tag_name:national library of medicine (u.s.);tag_id:42;tag_name:nucleic acid databases;tag_id:1465;tag_name:pubmed;tag_id:105;tag_name:united states
tool	10024	http://www.gopubmed.org/	https://bioinformatics.ca/links_directory/tool/10024/gopubmed	GoPubMed	GoPubMed is a tool that allows users to explore the results of PubMed queries in the context of Gene Ontology (GO) terms.	15980585		http://en.wikipedia.org/wiki/GoPubMed	category_id:89867;category_name:Search Tools;category_path:Literature > Search Tools	id:10730;name:NAR Web Server Issue 2005	12154;10454;10438;10467;11311;10285;10541;11668;10498;10580;21544;13826;10481;11885;10193;10189;9989;9288;9905;9877	tag_id:381;tag_name:controlled vocabulary;tag_id:773;tag_name:enzyme inhibitors;tag_id:101;tag_name:genetic databases;tag_id:774;tag_name:levamisole;tag_id:1465;tag_name:pubmed;tag_id:775;tag_name:subject headings
tool	10038	http://www.ebi.ac.uk/Tools/webservices/	https://bioinformatics.ca/links_directory/tool/10038/ebi-tools	EBI Tools	EBI Tools is a project that aims to provide programmatic access to the various databases and retrieval and analysis services that the European Bioinformatics Institute (EBI) provides through Simple Object Access Protocol (SOAP) and other related web service technologies. Example tools include those to compute sequence similarity searches, pairwise/multiple sequence alignment and protein functional analysis.	15980463;19435877;15215339;17576686;23671338			category_id:89874;category_name:3-D Structure Comparison;category_path:Protein > 3-D Structure Comparison;category_id:89811;category_name:Directories and Portals;category_path:Education > Directories and Portals;category_id:89806;category_name:Domains and Motifs;category_path:Protein > Domains and Motifs;category_id:89859;category_name:Multiple Sequence Alignments;category_path:Sequence Comparison > Multiple Sequence Alignments;category_id:89860;category_name:Pairwise Sequence Alignments;category_path:Sequence Comparison > Pairwise Sequence Alignments;category_id:89867;category_name:Search Tools;category_path:Literature > Search Tools;category_id:89831;category_name:Sequence Retrieval;category_path:RNA > Sequence Retrieval;category_id:89801;category_name:Sequence Retrieval;category_path:Protein > Sequence Retrieval;category_id:89797;category_name:Sequence Retrieval and Submission;category_path:DNA > Sequence Retrieval and Submission;category_id:89824;category_name:Tools For the Bench;category_path:DNA > Tools For the Bench;category_id:89870;category_name:Web Services;category_path:Computer Related > Web Services	id:10730;name:NAR Web Server Issue 2005;id:10728;name:NAR Web Server Issue 2007;id:9434;name:NAR Web Server Issue 2009;id:21656;name:NAR Web Server Issue 2013	9896;9304;21376;11649;11733;11671;13751;13548;13502;13500;11861;11728;13360;13359;13358;13218;11853;12064;11396;12153;10438;10624;12244;12192;11907;11814;11751;11726;11681;11664;11655;11650;11625;11624;11889;11619;11375;11352;11878;11329;11328;11327;11326;11312;11303;11239;9294;10713;10684;10666;10633;10531;10615;10735;10433;9282;9271;10384;10349;10256;9311;9322;10185;10179;10157;10153;10138;10131;9329;10042;10037;10036;10035;9992;9974;9962;9353;10738;10741;10736;9276;10754;9354;9931;9622;9596;9317;9829;9340;10745;9845;10737;10742;10740
tool	10185	http://www.ogic.ca/projects/xplormed/	https://bioinformatics.ca/links_directory/tool/10185/xplormed	XplorMed	XplorMed is a tool that summarizes MEDLINE search results according to subjects and allows you to navigate through abstracts in an interactive fashion.	11551795;12824439;12532176;12074170			category_id:89867;category_name:Search Tools;category_path:Literature > Search Tools;category_id:89868;category_name:Text Mining and Semantics;category_path:Literature > Text Mining and Semantics	id:10732;name:NAR Web Server Issue 2003	11619;11311;10750;10551;10477;10454;10448;10396;9310;10288;10285;10256;10189;10157;10150;10142;10072;10041;9329;10038;9411;9989;9987;9896;9829;9622
tool	10189	http://www.hubmed.org/	https://bioinformatics.ca/links_directory/tool/10189/hubmed	HubMed	HubMed uses information from PubMed's database, provided by the NCBI through the EUtils web service, to produce a search interface focused on browsing, organising and gathering information from the biomedical literature.	16845111		http://en.wikipedia.org/wiki/HubMed	category_id:89867;category_name:Search Tools;category_path:Literature > Search Tools	id:10729;name:NAR Web Server Issue 2006	13826;10179;12437;11829;11386;11329;9294;10750;10551;10481;10448;9310;10185;10024;9872;9804;9281	tag_id:1465;tag_name:pubmed;tag_id:141;tag_name:systems integration
tool	10503	http://soapdb.sourceforge.net/	https://bioinformatics.ca/links_directory/tool/10503/soapdb	soaPDB	soaPDB is a web application for the generation and organization of saved PDB searches as well email notifications.	18487276			category_id:89867;category_name:Search Tools;category_path:Literature > Search Tools	id:10723;name:NAR Web Server Issue 2008	14057;13743;13481;13230;11878;9332;10477;10474;10448;10431;10401;9310;10270;10072;9917;9878;9622;9558	tag_id:263;tag_name:electronic mail;tag_id:13;tag_name:protein databases
database	10750	http://etest.vbi.vt.edu/etblast3/	https://bioinformatics.ca/links_directory/database/10750/etblast	eTBLAST	eTBLAST is a textual similarity search engine.  This server can parse and summarize the results of an abstract similarity search to find appropriate journals for publication, authors with expertise in a given field, and documents similar to a submitted query.	16926219;17452348		http://en.wikipedia.org/wiki/ETBLAST	category_id:89867;category_name:Search Tools;category_path:Literature > Search Tools	id:10728;name:NAR Web Server Issue 2007	12437;11441;10553;10551;10481;10480;9310;10189;10185;9877;9804
database	11366	http://www.ncbi.nlm.nih.gov:80/entrez/query.fcgi?db=PubMed	https://bioinformatics.ca/links_directory/database/11366/pubmed	PubMed	Entrez-searchable database of biomedical literature citations with links to molecular resources at the NCBI.		ncbi_pubmed	http://en.wikipedia.org/wiki/PubMed	category_id:89865;category_name:Goldmines;category_path:Literature > Goldmines;category_id:89867;category_name:Search Tools;category_path:Literature > Search Tools
database	11438	http://www.pubmedcentral.gov/	https://bioinformatics.ca/links_directory/database/11438/pubmed-central	PubMed Central	PubMed Central (PMC) is the U.S. National Institutes of Health (NIH) free digital archive of biomedical and life sciences journal literature.	16381840	ncbi_pubmed	http://en.wikipedia.org/wiki/PubMed_Central	category_id:89865;category_name:Goldmines;category_path:Literature > Goldmines;category_id:89867;category_name:Search Tools;category_path:Literature > Search Tools		11696;11630;11397;11367;11361;11360;11342;11772;10611;11685;13558;13501;13473;13359;13358;10343;10015;9333;11674;11656;11624;11623;9304;9825;10726;10745;9622;9558;9536;11872;11804;11791;11768;11761;11741;11732;11618
database	11441	http://biomint.pharmadm.com/	https://bioinformatics.ca/links_directory/database/11441/gpsdb	GPSDB	Gene and Protein Synonym DataBase (GPSDB) is a collection of gene and protein names, organized by species that can be used to search for a given gene/protein name, retrieve all synonyms for this entity, and query Medline with a set of user-selected terms.	15613390			category_id:89867;category_name:Search Tools;category_path:Literature > Search Tools;category_id:89868;category_name:Text Mining and Semantics;category_path:Literature > Text Mining and Semantics		10359;9222;10268;10438;10750;11425;11922;9878;13257;9753;10231;9872	tag_id:381;tag_name:controlled vocabulary;tag_id:67;tag_name:database management systems;tag_id:326;tag_name:documentation;tag_id:253;tag_name:information dissemination;tag_id:149;tag_name:medline;tag_id:380;tag_name:natural language processing;tag_id:13;tag_name:protein databases;tag_id:8;tag_name:proteins;tag_id:234;tag_name:terminology as topic
tool	9281	http://biolit.ucsd.edu	https://bioinformatics.ca/links_directory/tool/9281/biolit	BioLit	BioLit is a web sever resource that integrates scientific publications with existing biological databases. To perform this link, BioLit searches the full text of the article for metadata such as database identifiers and ontology terms.	18515836			category_id:89868;category_name:Text Mining and Semantics;category_path:Literature > Text Mining and Semantics	id:10723;name:NAR Web Server Issue 2008	21520;21484;13826;13586;13500;13478;13473;13359;13358;11375;10179;11823;12244;12192;11829;11810;11800;11789;11736;11439;9294;9342;10485;10481;9322;10189;9877	tag_id:1382;tag_name:factual databases;tag_id:13;tag_name:protein databases;tag_id:1465;tag_name:pubmed;tag_id:141;tag_name:systems integration
database	9310	http://botdb.abcc.ncifcrf.gov/	https://bioinformatics.ca/links_directory/database/9310/botxminer	botXminer	botXminer is a literature searching tool that allows you to search BotDB.  BotDB citations contain only those articles with either \'botulinum\' or \'tetanus\' anywhere in their text.  botXminer is an interface to this subset of complete medline xml files loaded into an Oracle XMLDB.	16845112;15027052			category_id:89867;category_name:Search Tools;category_path:Literature > Search Tools;category_id:89868;category_name:Text Mining and Semantics;category_path:Literature > Text Mining and Semantics	id:10729;name:NAR Web Server Issue 2006	11439;11311;10750;10560;10503;10481;10448;10189;10185;9989;9964;9829	tag_id:93;tag_name:amino acid sequence;tag_id:1019;tag_name:botulinum toxins;tag_id:67;tag_name:database management systems;tag_id:149;tag_name:medline;tag_id:6;tag_name:molecular sequence data;tag_id:13;tag_name:protein databases;tag_id:1020;tag_name:tetanus toxin
tool	9322	http://cargo2.bioinfo.cnio.es/docs/aboutCargo.html	https://bioinformatics.ca/links_directory/tool/9322/cargo	CARGO	CARGO (Cancer And Related Genes Online) is a portal that uses widgets to allow users to mine literature using iHOP, retrieve disease information from OMIM, visualize 3D SNPs, query protein interactions, and view summarized gene annotation information for cancer related genes in human.	17483515			category_id:89856;category_name:Annotations;category_path:DNA > Annotations;category_id:89816;category_name:Annotations;category_path:Human Genome > Annotations;category_id:89854;category_name:Health and Disease;category_path:Human Genome > Health and Disease;category_id:89807;category_name:Networks & Interactions, Pathways and Enzymes;category_path:Protein > Networks & Interactions, Pathways and Enzymes;category_id:89809;category_name:Sequence Polymorphisms;category_path:DNA > Sequence Polymorphisms;category_id:89826;category_name:Sequence Polymorphisms;category_path:Human Genome > Sequence Polymorphisms;category_id:89868;category_name:Text Mining and Semantics;category_path:Literature > Text Mining and Semantics	id:10728;name:NAR Web Server Issue 2007	11681;11800;11736;12182;11906;11824;11655;11374;11329;11327;11326;9294;12226;11706;12246;13827;13586;13529;11925;13435;13432;13410;13359;13358;13218;10135;11823;11303;12244;12057;10391;10349;10699;9397;10588;10553;10467;10430;10400;9271;11712;11709;12152;12192;10319;10355;11665;11740;10754;9304;11915;10038;9931;9757;9281;9804	tag_id:1;tag_name:animals;tag_id:270;tag_name:biology;tag_id:46;tag_name:computational biology;tag_id:67;tag_name:database management systems;tag_id:1382;tag_name:factual databases;tag_id:101;tag_name:genetic databases;tag_id:17;tag_name:humans;tag_id:328;tag_name:programming languages;tag_id:141;tag_name:systems integration
tool	9342	http://www.chilibot.net/	https://bioinformatics.ca/links_directory/tool/9342/chilibot	Chilibot	Chilibot searches the PubMed literature database based on specific relationships between proteins, genes, or keywords. The results are returned as a graph.	15473905			category_id:89868;category_name:Text Mining and Semantics;category_path:Literature > Text Mining and Semantics		10070;13826;13472;12437;11829;10717;10553;10481;10480;10479;10467;10448;9281;9978;9804	tag_id:270;tag_name:biology;tag_id:69;tag_name:information services;tag_id:380;tag_name:natural language processing;tag_id:239;tag_name:protein binding;tag_id:13;tag_name:protein databases;tag_id:1465;tag_name:pubmed;tag_id:107;tag_name:software design
tool	9377	http://www.copub.org	https://bioinformatics.ca/links_directory/tool/9377/copub	CoPub	CoPub is a text mining tool for the detection of biomedical terms that co-occur in abstracts with the list of input genes (human, rat, and mouse genes). CoPub also graphically displays differentially expressed genes and over-represented keywords in a network for better visualization of relationships. CoPub 5.0 uses a new thesauri. It allows for searching of keywords, provides highlighting and sorting mechanisms and statistics. It also searches for indirect relations between genes, pathways, drugs and diseases.	18442992			category_id:89868;category_name:Text Mining and Semantics;category_path:Literature > Text Mining and Semantics;category_id:89846;category_name:Transcript Expression Analysis;category_path:Expression > Transcript Expression Analysis	id:10723;name:NAR Web Server Issue 2008;id:11978;name:NAR Web Server Issue 2011	21536;21520;12158;12159;10680;10551;10495;10481;10467;10358;9251;10056;10039;9307;9216;9916;9898;9912;9239;9478	tag_id:1;tag_name:animals;tag_id:102;tag_name:gene expression profiling;tag_id:17;tag_name:humans;tag_id:149;tag_name:medline;tag_id:84;tag_name:mice;tag_id:104;tag_name:oligonucleotide array sequence analysis;tag_id:229;tag_name:rats
tool	9478	http://www.pubgene.org/	https://bioinformatics.ca/links_directory/tool/9478/pubgene	PubGene	Searchable literature network of human genes with tools for gene expression analysis.  Choose from the free public service, or purchase the commercial package.	11326270		http://en.wikipedia.org/wiki/PubGene	category_id:89847;category_name:Gene Regulation;category_path:Expression > Gene Regulation;category_id:89868;category_name:Text Mining and Semantics;category_path:Literature > Text Mining and Semantics		11672;11374;13416;12159;11772;9377;9307;9926;9257	tag_id:148;tag_name:bibliographic databases;tag_id:67;tag_name:database management systems;tag_id:88;tag_name:evaluation studies as topic;tag_id:1382;tag_name:factual databases;tag_id:102;tag_name:gene expression profiling;tag_id:139;tag_name:gene expression regulation;tag_id:30;tag_name:genetic models;tag_id:53;tag_name:human genome;tag_id:17;tag_name:humans;tag_id:149;tag_name:medline;tag_id:104;tag_name:oligonucleotide array sequence analysis
tool	9804	http://www.ihop-net.org/UniPub/iHOP/	https://bioinformatics.ca/links_directory/tool/9804/ihop	iHOP	iHOP (Information Hyperlinked over Proteins) allows researchers to explore a network of gene and protein interactions based on published scientific literature.  For each gene search, iHOP reports sentences from abstracts associating it with other genes, links out to full abstracts, and reports experimental evidence for the interactions, if available.  You can also select sentences to create and visualize your own gene model.	17485473;15226743;16204114		http://en.wikipedia.org/wiki/Information_Hyperlinked_over_Proteins	category_id:89807;category_name:Networks & Interactions, Pathways and Enzymes;category_path:Protein > Networks & Interactions, Pathways and Enzymes;category_id:89868;category_name:Text Mining and Semantics;category_path:Literature > Text Mining and Semantics	id:10728;name:NAR Web Server Issue 2007	9931;12956;13416;11647;11642;11447;11386;11329;11328;10684;10750;10551;10543;9342;10448;10380;10350;10285;9322;10189;10179;10049;9452
tool	9877	http://cubic.bioc.columbia.edu/services/nlprot/index.html	https://bioinformatics.ca/links_directory/tool/9877/nlprot	NLProt	NLProt is a tool for finding protein names in natural language text. This data-mining method is a useful approach for extracting protein UniprotIDs from research articles for the construction of custom datasets and/or databases.	15215466			category_id:89801;category_name:Sequence Retrieval;category_path:Protein > Sequence Retrieval;category_id:89868;category_name:Text Mining and Semantics;category_path:Literature > Text Mining and Semantics	id:10731;name:NAR Web Server Issue 2004	13285;11669;11435;10649;10750;10448;9222;10279;10255;10161;10157;10156;10150;10101;10072;10024;10009;9887;9867;9828;9281;9352	tag_id:92;tag_name:algorithms;tag_id:93;tag_name:amino acid sequence;tag_id:172;tag_name:artificial intelligence;tag_id:13;tag_name:protein databases;tag_id:475;tag_name:publications;tag_id:1465;tag_name:pubmed;tag_id:234;tag_name:terminology as topic
tool	9926	http://discover.nci.nih.gov/host/1999_medminer_abstract.jsp	https://bioinformatics.ca/links_directory/tool/9926/medminer	MedMiner	MedMiner can be used to select genes from a microarray set based on GeneCards information.  Based on the genes selected one can then search PubMed abstracts using known gene synonyms and other user-specified search parameters.  The PubMed search can also be done independently of a microarray gene set. Results are grouped based on a set of relational keywords.	10631500			category_id:89868;category_name:Text Mining and Semantics;category_path:Literature > Text Mining and Semantics;category_id:89846;category_name:Transcript Expression Analysis;category_path:Expression > Transcript Expression Analysis		9307;9257;9478	tag_id:1382;tag_name:factual databases;tag_id:214;tag_name:gene expression;tag_id:17;tag_name:humans;tag_id:149;tag_name:medline;tag_id:60;tag_name:research
tool	9929	http://www.cs.uni.edu/~okane/source/MARBL/proc1.html	https://bioinformatics.ca/links_directory/tool/9929/marbl	MARBL	MARBL is an open-source package for indexing the text components of GenBank records and the NLM article abstracts associated with them.  A few demonstrations of the package are also available at this website.				category_id:89868;category_name:Text Mining and Semantics;category_path:Literature > Text Mining and Semantics
tool	9931	http://www.taverna.org.uk	https://bioinformatics.ca/links_directory/tool/9931/taverna	Taverna	Taverna workflow tool suite is for creating and running bioinformatics workflows. Pipelines can be executed on local desktop machines or larger infrastructure using the Taverna Server	15201187;16845108;23640334			category_id:89823;category_name:DNA and Genomic Analysis;category_path:DNA > DNA and Genomic Analysis;category_id:89827;category_name:Do-it-all Tools for Protein;category_path:Protein > Do-it-all Tools for Protein;category_id:89868;category_name:Text Mining and Semantics;category_path:Literature > Text Mining and Semantics;category_id:89824;category_name:Tools For the Bench;category_path:DNA > Tools For the Bench;category_id:89870;category_name:Web Services;category_path:Computer Related > Web Services	id:10729;name:NAR Web Server Issue 2006;id:21656;name:NAR Web Server Issue 2013	11303;13969;10038;12337;10135;13548;13733;10179;11924;9794;9322;13827;10242;9845;10256;12131;10284;13391;9912;10367;10384;13218;9272;9896;10429;10430;10624;9257;10553;10612;9332;10633;12136;11619;21524;9409;10695;12153;12928;10713;9294;11328;9652;9286;21462;9804;11442;11329;10754;9452		set_id:4574;set_name:University of Manchester Set
tool	9989	http://andromeda.gsf.de/litminer	https://bioinformatics.ca/links_directory/tool/9989/litminer	LitMiner	LitMiner is a literature data mining tool that is based on the annotation of key terms in article abstracts followed by statistical co-citation analysis of annotated key terms in order to predict relationships between genes, compounds, diseases and phenotypes, and tissues and organs.	15980584			category_id:89868;category_name:Text Mining and Semantics;category_path:Literature > Text Mining and Semantics	id:10730;name:NAR Web Server Issue 2005	12154;11439;10462;13826;11311;9403;10551;10448;9310;10251;10185;10024	tag_id:139;tag_name:gene expression regulation;tag_id:1465;tag_name:pubmed
tool	10185	http://www.ogic.ca/projects/xplormed/	https://bioinformatics.ca/links_directory/tool/10185/xplormed	XplorMed	XplorMed is a tool that summarizes MEDLINE search results according to subjects and allows you to navigate through abstracts in an interactive fashion.	11551795;12824439;12532176;12074170			category_id:89867;category_name:Search Tools;category_path:Literature > Search Tools;category_id:89868;category_name:Text Mining and Semantics;category_path:Literature > Text Mining and Semantics	id:10732;name:NAR Web Server Issue 2003	11619;11311;10750;10551;10477;10454;10448;10396;9310;10288;10285;10256;10189;10157;10150;10142;10072;10041;9329;10038;9411;9989;9987;9896;9829;9622
tool	10430	http://bionmf.dacya.ucm.es/	https://bioinformatics.ca/links_directory/tool/10430/bionmf	bioNMF	A web-based tool based on nonnegative matrix factorization (NMF) that can be used to provide new information from multi-dimensional biological data sets.	18515346			category_id:89829;category_name:Protein Expression;category_path:Expression > Protein Expression;category_id:89844;category_name:Proteomics;category_path:Protein > Proteomics;category_id:89821;category_name:Structure and Sequence Feature Detection;category_path:DNA > Structure and Sequence Feature Detection;category_id:89868;category_name:Text Mining and Semantics;category_path:Literature > Text Mining and Semantics;category_id:89846;category_name:Transcript Expression Analysis;category_path:Expression > Transcript Expression Analysis	id:10723;name:NAR Web Server Issue 2008	21536;21524;10570;13631;10713;10571;10553;10472;10429;10393;10350;10348;10355;10319;9322;10179;10039;10000;9931;9251
tool	10448	http://bi.snu.ac.kr/pie/	https://bioinformatics.ca/links_directory/tool/10448/pie	PIE	The Protein Interaction information Extraction system (PIE) is a configurable web server for extraction of protein-protein interactions from literature. Both co-occurrence of proteins in text and predefined phrase patterns for protein-protein interactions are employed in a machine learning framework.	18508809			category_id:89807;category_name:Networks & Interactions, Pathways and Enzymes;category_path:Protein > Networks & Interactions, Pathways and Enzymes;category_id:89868;category_name:Text Mining and Semantics;category_path:Literature > Text Mining and Semantics	id:10723;name:NAR Web Server Issue 2008	10465;11426;13826;13815;13790;13766;13740;13730;9308;12437;11829;11386;11311;10711;10693;9397;9878;9877;9804;9558;9989;10058;10163;10185;10189;9313;9310;10480;10608;10588;9342;10479;10503;10481	tag_id:4668;tag_name:full text;tag_id:192;tag_name:protein interaction mapping;tag_id:4667;tag_name:protein-protein interaction sentence filtering;tag_id:1465;tag_name:pubmed
tool	10479	http://e3miner.biopathway.org	https://bioinformatics.ca/links_directory/tool/10479/e3miner	E3Miner	E3Miner is a web-based text mining tool that extracts and incorporates comprehensive knowledge about ubiquitin-protein ligases (E3) with their underlying mechanisms. This tool integrates available E3 data from the published literature as well as from the biological databases.	18483079			category_id:89868;category_name:Text Mining and Semantics;category_path:Literature > Text Mining and Semantics	id:10723;name:NAR Web Server Issue 2008	10480;10448;13472;12441;12437;11915;10551;9342;10481	tag_id:149;tag_name:medline;tag_id:13;tag_name:protein databases;tag_id:1225;tag_name:ubiquitin-protein ligases
tool	10480	http://wishart.biology.ualberta.ca/polysearch	https://bioinformatics.ca/links_directory/tool/10480/polysearch	PolySearch	PolySearch allows users to conduct comprehensive and associative queries, such as given X, find all Y&apos;s, where X or Y can be diseases, tissues, cell compartments, gene/protein names, SNPs, mutations, drugs and metabolites. PolySearch also identifies, highlights and ranks abstracts, paragraphs or sentences.	18487273			category_id:89868;category_name:Text Mining and Semantics;category_path:Literature > Text Mining and Semantics	id:10723;name:NAR Web Server Issue 2008	21544;21520;21484;10462;12441;12152;11694;10635;10622;10750;10588;10543;10347;9342;10481;10479;10448
tool	10481	http://bws.iis.sinica.edu.tw/BWS/	https://bioinformatics.ca/links_directory/tool/10481/biosmile	BIOSMILE	BIOSMILE is a web-based NCBI PubMed  search tool. Users input keywords to be searched and BIOSMILE retrieves matching PubMed abstracts.	18515840			category_id:89868;category_name:Text Mining and Semantics;category_path:Literature > Text Mining and Semantics	id:10723;name:NAR Web Server Issue 2008	10462;13826;9352;12437;11829;10650;10750;9377;10551;9233;9342;10480;10479;10448;9310;10189;10157;10058;10024;10003;9281;9622	tag_id:177;tag_name:genes;tag_id:192;tag_name:protein interaction mapping;tag_id:1465;tag_name:pubmed
tool	10541	http://gopubmed.biotec.tu-dresden.de/gogene	https://bioinformatics.ca/links_directory/tool/10541/gogene	GoGene	GoGene performs high-throughput text mining to complement annotation of genes. GoGene supports search for genes in PubMed, EntrezGene and BLAST.	19465383			category_id:89856;category_name:Annotations;category_path:DNA > Annotations;category_id:89868;category_name:Text Mining and Semantics;category_path:Literature > Text Mining and Semantics	id:9434;name:NAR Web Server Issue 2009	12158;9345;10472;9307;10024;9909;9257	tag_id:1;tag_name:animals;tag_id:1254;tag_name:bone resorption;tag_id:381;tag_name:controlled vocabulary;tag_id:102;tag_name:gene expression profiling;tag_id:177;tag_name:genes;tag_id:1257;tag_name:hepatoerythropoietic porphyria;tag_id:17;tag_name:humans;tag_id:84;tag_name:mice;tag_id:330;tag_name:mutation;tag_id:104;tag_name:oligonucleotide array sequence analysis;tag_id:1255;tag_name:osteoporosis;tag_id:1256;tag_name:pancreatic neoplasms;tag_id:1465;tag_name:pubmed;tag_id:229;tag_name:rats
tool	10543	http://www.litinspector.org/	https://bioinformatics.ca/links_directory/tool/10543/litinspector	LitInspector	A literature search tool providing gene homonym mining within the PubMed database. Search terms are highlighted in the results. LitInspector also performs signal transduction pathway mining using a manually curated database of pathway names, pathway components and pathway keywords.	19417065			category_id:89807;category_name:Networks & Interactions, Pathways and Enzymes;category_path:Protein > Networks & Interactions, Pathways and Enzymes;category_id:89868;category_name:Text Mining and Semantics;category_path:Literature > Text Mining and Semantics	id:9434;name:NAR Web Server Issue 2009	10551;10480;9804
tool	10550	http://omicspace.riken.jp/PosMed/	https://bioinformatics.ca/links_directory/tool/10550/posmed	PosMed	To assist in prioritizing candidate genes discovered in a linkage analysis, Positional Medline (PosMed) executes a full-text search of documents given a query word input and ranks the positional cloning candidate genes based on direct and indirect inference of the hit documents. PosMed currently supports prioritization of positional cloning candidate genes in human, mouse, rat and Arabidopsis thaliana.	19468046			category_id:89854;category_name:Health and Disease;category_path:Human Genome > Health and Disease;category_id:89857;category_name:Mouse and Rat;category_path:Model Organisms > Mouse and Rat;category_id:89841;category_name:Plants;category_path:Model Organisms > Plants;category_id:89868;category_name:Text Mining and Semantics;category_path:Literature > Text Mining and Semantics	id:9434;name:NAR Web Server Issue 2009	10347;10569;10715;12115;9308;12956;21520;21544
tool	10551	http://cbdm.mdc-berlin.de/tools/medlineranker	https://bioinformatics.ca/links_directory/tool/10551/medlineranker	MedlineRanker	The MedlineRanker web server allows a flexible and fast ranking of Medline abstracts for a topic of interest without expert knowledge. 	19429696			category_id:89868;category_name:Text Mining and Semantics;category_path:Literature > Text Mining and Semantics	id:9434;name:NAR Web Server Issue 2009	12159;13826;12437;11311;10750;9377;10543;10481;10479;10189;10185;9989;9804	tag_id:4702;tag_name:bayesian classifier;tag_id:4701;tag_name:document retrieval;tag_id:149;tag_name:medline;tag_id:1453;tag_name:text mining
tool	10553	http://sent.dacya.ucm.es	https://bioinformatics.ca/links_directory/tool/10553/sent	SENT	SENT is a text mining web server. SENT uses non-negative matrix factorization to identify topics in scientific articles associated with an input list of genes.	19458159			category_id:89868;category_name:Text Mining and Semantics;category_path:Literature > Text Mining and Semantics	id:9434;name:NAR Web Server Issue 2009	10072;9931;21362;10672;10570;10713;9259;10750;10588;10539;9342;9282;10430;10355;9222;9251;9322
tool	10577	http://gendoo.dbcls.jp	https://bioinformatics.ca/links_directory/tool/10577/gendoo	Gendoo	Gene Disease Features Ontology-based Overview System (Gendoo) is a web tool for visualizing disease feature profiles generated from the assignment of MeSH vocabulary for associated drugs, biological phenomena and anatomy to OMIM data. This approach assists in interpreting -omic data for its molecular and clinical aspects.	19498079			category_id:89856;category_name:Annotations;category_path:DNA > Annotations;category_id:89878;category_name:Gene Set Analysis;category_path:Expression > Gene Set Analysis;category_id:89814;category_name:Genomics;category_path:Human Genome > Genomics;category_id:89868;category_name:Text Mining and Semantics;category_path:Literature > Text Mining and Semantics	id:9434;name:NAR Web Server Issue 2009	11367;10708;10580;10347;10319;9905	tag_id:1269;tag_name:diabetes mellitus;tag_id:454;tag_name:disease;tag_id:177;tag_name:genes;tag_id:101;tag_name:genetic databases;tag_id:369;tag_name:medical subject headings
tool	10580	http://bioinformatics.clemson.edu/G-SESAME	https://bioinformatics.ca/links_directory/tool/10580/g-sesame	G-SESAME	G-SESAME is a suite of online tools for measuring the semantic similarities of Gene Ontology (GO) terms and the functional similarities of gene products, as well as data mining the GO database.	19491312			category_id:89863;category_name:Comparative Genomics;category_path:Sequence Comparison > Comparative Genomics;category_id:89878;category_name:Gene Set Analysis;category_path:Expression > Gene Set Analysis;category_id:89868;category_name:Text Mining and Semantics;category_path:Literature > Text Mining and Semantics	id:9434;name:NAR Web Server Issue 2009	11668;11654;10615;10577;10498;10454;10319;10285;10231;9388;10024;9909;9912
tool	10588	http://zope.bioinfo.cnio.es/plan2l	https://bioinformatics.ca/links_directory/tool/10588/plan2l	PLAN2L	A web based tool that integrates text mining and information extraction techniques to access useful information for analyzing genetic, cellular and molecular aspects of Arabidposis thaliana.	19520768			category_id:89841;category_name:Plants;category_path:Model Organisms > Plants;category_id:89868;category_name:Text Mining and Semantics;category_path:Literature > Text Mining and Semantics	id:9434;name:NAR Web Server Issue 2009	13827;9322;9252;11746;11915;11722;10717;10448;10480;10553
tool	10717	http://www.beespace.uiuc.edu/QuestionAnswer	https://bioinformatics.ca/links_directory/tool/10717/bsqa	BSQA	BeeSpace Question/Answering (BSQA) system is a web server that performs integrated text mining for insect biology, covering diverse aspects from molecular interactions of genes to insect behavior. BSQA recognizes a number of entities and relations in Medline documents about the model insect, Drosophila melanogaster.	20576702			category_id:89838;category_name:Fly;category_path:Model Organisms > Fly;category_id:89868;category_name:Text Mining and Semantics;category_path:Literature > Text Mining and Semantics	id:9433;name:NAR Web Server Issue 2010	12437;12154;10588;9342	tag_id:1363;tag_name:animal behavior;tag_id:1;tag_name:animals;tag_id:1313;tag_name:data mining;tag_id:116;tag_name:drosophila melanogaster;tag_id:139;tag_name:gene expression regulation;tag_id:1063;tag_name:homeodomain proteins;tag_id:175;tag_name:insect genes;tag_id:1364;tag_name:insects;tag_id:141;tag_name:systems integration;tag_id:648;tag_name:trans-activators
database	10757	http://fable.chop.edu/	https://bioinformatics.ca/links_directory/database/10757/fable	FABLE	Fast Automated Biomedical Literature Extraction (FABLE) mines the Ã‚Â biomedical literature for information about human genes and proteins. User can find articles mentioning a gene of interest (Article Finder), generate a list of genes associated with one or more keywords (Gene Lister), or use a local mirror of the UCSC Genome Browser with a literature track (LitTrack).				category_id:89868;category_name:Text Mining and Semantics;category_path:Literature > Text Mining and Semantics
database	11403	http://bioinformatics.org/textknowledge/acronym.php	https://bioinformatics.ca/links_directory/database/11403/medical-acronym-finder	Medical Acronym Finder	The acronym database provides free access to medical/biological acronyms. It has 100,000+ acronyms and the users can also contribute by rating the entries quality. In the backend, it is generated from medline data.				category_id:89818;category_name:Other Resources;category_path:Human Genome > Other Resources;category_id:89868;category_name:Text Mining and Semantics;category_path:Literature > Text Mining and Semantics;category_id:89824;category_name:Tools For the Bench;category_path:DNA > Tools For the Bench
database	11441	http://biomint.pharmadm.com/	https://bioinformatics.ca/links_directory/database/11441/gpsdb	GPSDB	Gene and Protein Synonym DataBase (GPSDB) is a collection of gene and protein names, organized by species that can be used to search for a given gene/protein name, retrieve all synonyms for this entity, and query Medline with a set of user-selected terms.	15613390			category_id:89867;category_name:Search Tools;category_path:Literature > Search Tools;category_id:89868;category_name:Text Mining and Semantics;category_path:Literature > Text Mining and Semantics		10359;9222;10268;10438;10750;11425;11922;9878;13257;9753;10231;9872	tag_id:381;tag_name:controlled vocabulary;tag_id:67;tag_name:database management systems;tag_id:326;tag_name:documentation;tag_id:253;tag_name:information dissemination;tag_id:149;tag_name:medline;tag_id:380;tag_name:natural language processing;tag_id:13;tag_name:protein databases;tag_id:8;tag_name:proteins;tag_id:234;tag_name:terminology as topic
tool	12154	http://www.beespace.illinois.edu	https://bioinformatics.ca/links_directory/tool/12154/beespace-navigator	BeeSpace Navigator	BeeSpace Navigator is a tool for exploratory analysis of gene function using biological literature. It is an automated version of the curation process to extract gene function.	21558175			category_id:89856;category_name:Annotations;category_path:DNA > Annotations;category_id:89868;category_name:Text Mining and Semantics;category_path:Literature > Text Mining and Semantics	id:11978;name:NAR Web Server Issue 2011	21544;10024;9989;12437;11311;10717	tag_id:1;tag_name:animals;tag_id:177;tag_name:genes;tag_id:149;tag_name:medline
tool	12159	http://cbdm.mdc-berlin.de/tools/genie/	https://bioinformatics.ca/links_directory/tool/12159/génie	Génie	Genie evaluates the literature attached to all genes in a genome and to their orthologs for a selected topic. Hundreds of species and millions of genes are supported. Running times range from a few seconds to a minute in most of the cases. 	21609954			category_id:89868;category_name:Text Mining and Semantics;category_path:Literature > Text Mining and Semantics	id:11978;name:NAR Web Server Issue 2011	10551;21342;9633;13757;9254;12956;12115;11880;9257;10715;10708;10675;10583;9377;10576;10569;10393;10391;9307;9905;9899;9478;10355	tag_id:92;tag_name:algorithms;tag_id:377;tag_name:animal models;tag_id:1;tag_name:animals;tag_id:1313;tag_name:data mining;tag_id:102;tag_name:gene expression profiling;tag_id:3860;tag_name:gene prioritization;tag_id:177;tag_name:genes;tag_id:44;tag_name:genomics;tag_id:89525;tag_name:heart;tag_id:17;tag_name:humans;tag_id:149;tag_name:medline;tag_id:84;tag_name:mice;tag_id:3861;tag_name:orthology relationships;tag_id:1453;tag_name:text mining;tag_id:203;tag_name:zebrafish
tool	12192	http://semanticjson.org	https://bioinformatics.ca/links_directory/tool/12192/semantic-json	Semantic-JSON	Semantic-JSON is an approach that provides light-weight access to Semantic Web data. It provides a Representational State Transfer (REST) Web service that retrieves Semantic Web data described in the light-weight JavaScript Object Notation (JSON) format. Semantic-JSON employs an integrated single-domain data repository, which is generated by collecting multiple-domain data on the Semantic Web. 	21632604			category_id:89868;category_name:Text Mining and Semantics;category_path:Literature > Text Mining and Semantics	id:11978;name:NAR Web Server Issue 2011	21520;11728;9794;9281;9286;10179;11823;11885;11800;11329;9294;9284;10256;9322;10038	tag_id:1;tag_name:animals;tag_id:101;tag_name:genetic databases;tag_id:84;tag_name:mice;tag_id:3593;tag_name:semantics;tag_id:141;tag_name:systems integration
tool	12241	http://www.textpresso.org	https://bioinformatics.ca/links_directory/tool/12241/textpresso	Textpresso	Textpresso is a text-mining system for scientific literature. Textpresso's two major elements are (1) access to full text, so that entire articles can be searched, and (2) introduction of categories of biological concepts and classes that relate two objects (e.g., association, regulation, etc.) or describe one (e.g., methods, etc). A search engine enables the user to search for one or a combination of these categories and/or keywords within an entire literature.				category_id:89868;category_name:Text Mining and Semantics;category_path:Literature > Text Mining and Semantics
tool	12242	http://www.bioLabeler.com	https://bioinformatics.ca/links_directory/tool/12242/biolabeler	BioLabeler	BioLabeler extracts UMLS concepts from Biomedical texts such as scientific paper abstracts, experiments descriptions or medical notes and can be use to automatically curate and annotate BioMedical Literature or to index large documents databases and improve searches or discover relationships between them		biolabeler		category_id:89868;category_name:Text Mining and Semantics;category_path:Literature > Text Mining and Semantics			tag_id:1619;tag_name:annotations;tag_id:1620;tag_name:concept;tag_id:1621;tag_name:extraction;tag_id:1453;tag_name:text mining
tool	12356	http://www.text2genome.org	https://bioinformatics.ca/links_directory/tool/12356/text2genome	text2genome	text2Genome is a hybrid text mining/genome annotation application that extracts DNA sequences from biomedical articles and automatically maps them to genomic databases.	21325301			category_id:89816;category_name:Annotations;category_path:Human Genome > Annotations;category_id:89868;category_name:Text Mining and Semantics;category_path:Literature > Text Mining and Semantics		11718;11670;11439;10211		set_id:4574;set_name:University of Manchester Set
tool	12433	http://www.nactem.ac.uk/software/termine/	https://bioinformatics.ca/links_directory/tool/12433/termine	TerMine	TerMine is a terminological management system which uses the C-Value method to automatically identify terms in text. It also integrates the AcroMine acronym recognition system for recognising biomedical acronyms and their full forms. 				category_id:89868;category_name:Text Mining and Semantics;category_path:Literature > Text Mining and Semantics			tag_id:3994;tag_name:automatic term extraction;tag_id:3995;tag_name:biomedical acronym recognition	set_id:4574;set_name:University of Manchester Set
tool	12434	http://www.nactem.ac.uk/software/acromine/	https://bioinformatics.ca/links_directory/tool/12434/acromine	Acromine	Acromine is an tool that finds full forms of acronyms that appear in MEDLINE. 	20360059			category_id:89868;category_name:Text Mining and Semantics;category_path:Literature > Text Mining and Semantics		12624;12435	tag_id:92;tag_name:algorithms;tag_id:3997;tag_name:automatic acronym expansion;tag_id:148;tag_name:bibliographic databases;tag_id:220;tag_name:cluster analysis;tag_id:46;tag_name:computational biology;tag_id:160;tag_name:dictionaries as topic;tag_id:149;tag_name:medline;tag_id:380;tag_name:natural language processing;tag_id:77;tag_name:polymerase chain reaction;tag_id:127;tag_name:reproducibility of results;tag_id:255;tag_name:statistical models;tag_id:4000;tag_name:x-ray computed tomography	set_id:4574;set_name:University of Manchester Set
tool	12435	http://www.nactem.ac.uk/software/acromine_disambiguation/	https://bioinformatics.ca/links_directory/tool/12435/acromine-disambiguator	Acromine Disambiguator	Given a biomedical text, Acromine Disambiguator correctly predicts expanded full forms of acronoyms appearing in the text. As acronyms appearing in biomedical texts are often ambiguous, such a disambiguation process is important to ensure the correct interpretation of the text. 	20360059			category_id:89868;category_name:Text Mining and Semantics;category_path:Literature > Text Mining and Semantics		12434;12624	tag_id:92;tag_name:algorithms;tag_id:4005;tag_name:automatic acronym disambiguation;tag_id:3997;tag_name:automatic acronym expansion;tag_id:148;tag_name:bibliographic databases;tag_id:220;tag_name:cluster analysis;tag_id:46;tag_name:computational biology;tag_id:160;tag_name:dictionaries as topic;tag_id:149;tag_name:medline;tag_id:380;tag_name:natural language processing;tag_id:77;tag_name:polymerase chain reaction;tag_id:127;tag_name:reproducibility of results;tag_id:255;tag_name:statistical models;tag_id:4000;tag_name:x-ray computed tomography	set_id:4574;set_name:University of Manchester Set
tool	12436	http://www.nactem.ac.uk/software/kleio/	https://bioinformatics.ca/links_directory/tool/12436/kleio	KLEIO	KLEIO is an advanced information retrieval system providing knowledge enriched searching for biomedical texts. It identifies key entities within the text, such as gene names or proteins, and improves the querying method with unique identifiers by automatically including synonyms, spelling variants and disambiguation of acronyms. 				category_id:89868;category_name:Text Mining and Semantics;category_path:Literature > Text Mining and Semantics			tag_id:4009;tag_name:advanced information retrieval;tag_id:4010;tag_name:knowledge enriched searching;tag_id:1615;tag_name:semantic search	set_id:4574;set_name:University of Manchester Set
tool	12437	http://refine1-nactem.mc.man.ac.uk/facta/	https://bioinformatics.ca/links_directory/tool/12437/facta	FACTA+	FACTA+ (Finding Associated Concepts with Text Analysis) is a real-time text-mining system for finding and visualizing indirect associations between biomedical concepts from MEDLINE abstracts. The system can be used as a text search engine like PubMed, with additional features to help users to discover and visualize indirect associations between important biomedical concepts such as genes, diseases and chemical compounds. 	21685059;18772154			category_id:89868;category_name:Text Mining and Semantics;category_path:Literature > Text Mining and Semantics		21544;21520;13826;13768;12624;12154;11829;10717;10750;10551;9342;10481;10479;10448;10189	tag_id:67;tag_name:database management systems;tag_id:149;tag_name:medline;tag_id:4012;tag_name:term association discovery;tag_id:1453;tag_name:text mining
tool	12438	http://www-tsujii.is.s.u-tokyo.ac.jp/GENIA/tagger/	https://bioinformatics.ca/links_directory/tool/12438/genia-tagger	GENIA tagger	Part-of-speech tagging, shallow parsing, and named entity recognition for biomedical text.				category_id:89868;category_name:Text Mining and Semantics;category_path:Literature > Text Mining and Semantics			tag_id:4018;tag_name:named entity recognition;tag_id:4019;tag_name:part of speech tagging;tag_id:4020;tag_name:shallow parsing;tag_id:1453;tag_name:text mining	set_id:4574;set_name:University of Manchester Set
tool	12439	http://text0.mib.man.ac.uk/~sasaki/bootstrep/nemine.html	https://bioinformatics.ca/links_directory/tool/12439/nemine	NEMine	Recognises gene and protein names in biomedical text.	19025691			category_id:89868;category_name:Text Mining and Semantics;category_path:Literature > Text Mining and Semantics			tag_id:254;tag_name:automated pattern recognition;tag_id:46;tag_name:computational biology;tag_id:160;tag_name:dictionaries as topic;tag_id:4022;tag_name:gene;tag_id:4018;tag_name:named entity recognition;tag_id:171;tag_name:online systems;tag_id:4023;tag_name:protein;tag_id:305;tag_name:proteomics;tag_id:255;tag_name:statistical models;tag_id:234;tag_name:terminology as topic;tag_id:1453;tag_name:text mining	set_id:4574;set_name:University of Manchester Set
tool	12441	http://nactem-t1.mib.man.ac.uk/metaboliner/	https://bioinformatics.ca/links_directory/tool/12441/yeast-metaboliner	Yeast MetaboliNER	Yeast MetaboliNER is a tool to automatically identify metabolite names in the literature, and associate structures where possible, to define the reported yeast metabolome. 	21687783			category_id:89875;category_name:Metabolites;category_path:Other Molecules > Metabolites;category_id:89868;category_name:Text Mining and Semantics;category_path:Literature > Text Mining and Semantics;category_id:89791;category_name:Yeast;category_path:Model Organisms > Yeast		13531;13530;10480;11436;10479;11694	tag_id:4026;tag_name:metabolites;tag_id:4018;tag_name:named entity recognition;tag_id:1453;tag_name:text mining;tag_id:4025;tag_name:yeast
tool	12442	http://www.nactem.ac.uk/acela/	https://bioinformatics.ca/links_directory/tool/12442/acela	ACELA	The ACELA (ACcElerated Annotation) tool aims to reduce the human effort required to produce a gold standard corpus of named entity (NE) annotations. 	19025694			category_id:89868;category_name:Text Mining and Semantics;category_path:Literature > Text Mining and Semantics		12624	tag_id:4030;tag_name:accelerated annotation;tag_id:92;tag_name:algorithms;tag_id:4028;tag_name:annotation tool;tag_id:172;tag_name:artificial intelligence;tag_id:254;tag_name:automated pattern recognition;tag_id:148;tag_name:bibliographic databases;tag_id:4029;tag_name:named entity annotation;tag_id:380;tag_name:natural language processing;tag_id:234;tag_name:terminology as topic;tag_id:1453;tag_name:text mining	set_id:4574;set_name:University of Manchester Set
tool	12443	http://text0.mib.man.ac.uk/software/mldic/	https://bioinformatics.ca/links_directory/tool/12443/smart-dictionary-lookup	Smart Dictionary Lookup	Smart Dictionary Lookup will retrieve relevant UniProt IDs from BioThesaurus entries using a soft string matching algorithm.				category_id:89868;category_name:Text Mining and Semantics;category_path:Literature > Text Mining and Semantics			tag_id:4034;tag_name:dictionary lookup;tag_id:4022;tag_name:gene;tag_id:4023;tag_name:protein;tag_id:4035;tag_name:term variation;tag_id:1453;tag_name:text mining	set_id:4574;set_name:University of Manchester Set
tool	12444	http://text0.mib.man.ac.uk/~sasaki/bootstrep/norm.html	https://bioinformatics.ca/links_directory/tool/12444/term-normalization-tool	Term Normalization Tool	Term Normalization Tool normalizes a given term to an intermediate form using string rewriting rules automatically generated based on a dictionary. For example, "IL-2", "IL2", "Interleukin-2", and "interleukin-2" are all normalized to "il2". The output also includes UniProt Accession Numbers.				category_id:89868;category_name:Text Mining and Semantics;category_path:Literature > Text Mining and Semantics			tag_id:4037;tag_name:term normalization;tag_id:1453;tag_name:text mining	set_id:4574;set_name:University of Manchester Set
tool	12624	http://www.nactem.ac.uk/deca_details/start.cgi	https://bioinformatics.ca/links_directory/tool/12624/deca	DECA	DECA is a species disambiguation system for biological named entities. The system will identify protein entities and disambiguate them according to species, by assigning NCBI Taxonomy organism IDs.  	20053840			category_id:89868;category_name:Text Mining and Semantics;category_path:Literature > Text Mining and Semantics		12442;12437;12435;12434	tag_id:172;tag_name:artificial intelligence;tag_id:1313;tag_name:data mining;tag_id:1382;tag_name:factual databases;tag_id:4018;tag_name:named entity recognition;tag_id:380;tag_name:natural language processing;tag_id:4041;tag_name:species disambiguation;tag_id:123;tag_name:species specificity;tag_id:234;tag_name:terminology as topic;tag_id:1453;tag_name:text mining
tool	13187	http://www.nactem.ac.uk/UKPMCWS/EvidenceFinder.html	https://bioinformatics.ca/links_directory/tool/13187/evidence-finder	Evidence Finder	Evidence Finder is a search tool under development in the UKPMC project. It locates sentences that present evidence in the text of research papers. Sentences from 1.5M papers in the UPMC corpus are indexed based on linguistic analysis and NER. Initial search results take the form of questions representing the most frequent types of relevant evidence in the index. On selecting a question, the user may review details of the documents containing the evidence, including the indexed sentences.				category_id:89868;category_name:Text Mining and Semantics;category_path:Literature > Text Mining and Semantics
tool	13255	http://webrt.metalife.com/	https://bioinformatics.ca/links_directory/tool/13255/webrt	WebRT	Metalife Web Recognition Tool is a light text mining tool developed for online text analysis of diverse-type biomedical and molecular biology literature contents. Its main function is terms/phrase extraction and categorization with the ability to recognize synonyms, acronyms and spelling variations, to normalize and unify hits, to distinguish between seemingly equal terms with different categorization, etc. Relations extraction is expected soon...				category_id:89868;category_name:Text Mining and Semantics;category_path:Literature > Text Mining and Semantics
resource	13500	http://identifiers.org/	https://bioinformatics.ca/links_directory/resource/13500/identifiers	Identifiers	A system that provides resolvable persistent Uniform Resource Identifiers (URIs) used to identify data for the scientific community.	22140103			category_id:89868;category_name:Text Mining and Semantics;category_path:Literature > Text Mining and Semantics	id:13349;name:NAR Database Issue 2012	10038;9281;9288;13751;10322;10684;11326;11329;11619;11889;11655;12244;9284;10624
tool	13826	http://bc3.informatik.hu-berlin.de/	https://bioinformatics.ca/links_directory/tool/13826/geneview	GeneView	GeneView is webserver that lets you search scientific articles using keywords and identifiers for specific biological entities. It has advanced features like: recognizing biological entities like genes and SNPs.

	22693219			category_id:89868;category_name:Text Mining and Semantics;category_path:Literature > Text Mining and Semantics	id:13628;name:NAR Web Server Issue 2012	10024;9281;12437;21544;11829;21520;21484;13768;9989;11311;10551;9342;10481;10448;10189
tool	21484	http://www.ncbi.nlm.nih.gov/CBBresearch/Lu/Demo/PubTator/	https://bioinformatics.ca/links_directory/tool/21484/pubtator	PubTator	PubTator is a web server for text based mining to assist biocuration.	23703206			category_id:89868;category_name:Text Mining and Semantics;category_path:Literature > Text Mining and Semantics	id:21656;name:NAR Web Server Issue 2013	9281;13826;10480		set_id:3580;set_name:National Center for Biotechnology Information (NCBI) Set
tool	21520	http://biolod.org/PosMed	https://bioinformatics.ca/links_directory/tool/21520/posmed	PosMed	PosMed web server ranks genes, metabolites, diseases, drugs and other bioresources based on semantic web association with a user specified phenotypic key word.
	23761449			category_id:89868;category_name:Text Mining and Semantics;category_path:Literature > Text Mining and Semantics	id:21656;name:NAR Web Server Issue 2013	9905;9281;21544;9307;13826;12956;12437;12192;11808;11800;9377;10550;10480
tool	21544	http://gcancer.org/digsee	https://bioinformatics.ca/links_directory/tool/21544/digsee	DigSee	DigSee (for Disease Gene Search Engine with Evidence Sentences) is a web server for understanding the association between diseases and genes. This cancer version searches Medline abstracts for evidence sentences describing the genes involved in the development of cancer through biological events.	23761452			category_id:89823;category_name:DNA and Genomic Analysis;category_path:DNA > DNA and Genomic Analysis;category_id:89854;category_name:Health and Disease;category_path:Human Genome > Health and Disease;category_id:89868;category_name:Text Mining and Semantics;category_path:Literature > Text Mining and Semantics	id:21656;name:NAR Web Server Issue 2013	13549;12437;12154;11723;10550;10480;10150;10024;9330;13826;13768;21520
tool	35203	http://cbdm.mdc-berlin.de/~medlineranker/cms/alkemio	https://bioinformatics.ca/links_directory/tool/35203/alkemio	Alkemio	Alkemio: association of chemicals with biomedical topics by text and data mining				category_id:89868;category_name:Text Mining and Semantics;category_path:Literature > Text Mining and Semantics	id:36133;name:NAR Web Server Issue 2014
tool	35317	http://oncosearch.biopathway.org	https://bioinformatics.ca/links_directory/tool/35317/oncosearch	OncoSearch	OncoSearch is a cancer gene search engine with literature evidence.				category_id:89868;category_name:Text Mining and Semantics;category_path:Literature > Text Mining and Semantics	id:36133;name:NAR Web Server Issue 2014
tool	35385	http://pubserver.burnham.org/	https://bioinformatics.ca/links_directory/tool/35385/pubserver	PubServer	PubServer collects homologous sequences from NR database and retrieves and filters associated publications.				category_id:89802;category_name:Sequence Comparison;category_path:Protein > Sequence Comparison;category_id:89868;category_name:Text Mining and Semantics;category_path:Literature > Text Mining and Semantics	id:36133;name:NAR Web Server Issue 2014
database	11618	http://www.ncbi.nlm.nih.gov	https://bioinformatics.ca/links_directory/database/11618/ncbi-resources	NCBI Resources	The National Center for Biotechnology Information (NCBI) provides analysis and retrieval resources for the data in GenBank and other biological data made available through the NCBI web site.	19910364;21097890;22140104	ncbi	http://en.wikipedia.org/wiki/National_Center_for_Biotechnology_Information	category_id:89882;category_name:Databases;category_path:DNA > Databases;category_id:89886;category_name:Databases;category_path:Expression > Databases;category_id:89885;category_name:Databases;category_path:Human Genome > Databases;category_id:89887;category_name:Databases;category_path:Literature > Databases;category_id:89884;category_name:Databases;category_path:Model Organisms > Databases;category_id:89883;category_name:Databases;category_path:Other Molecules > Databases;category_id:89881;category_name:Databases;category_path:Protein > Databases;category_id:89880;category_name:Databases;category_path:RNA > Databases	id:11600;name:NAR Database Issue 2010;id:11753;name:NAR Database Issue 2011;id:13349;name:NAR Database Issue 2012	13359;11676;10322;11674;11670;13358;11656;11627;11624;11853;11623;11831;11620;11630;11761;11438;11744;11768;11397;11741;13558;11732;11367;11713;9622;11701;12064;11360;11804;11342;11772;11696;11827;10745;11662;9536;10611;11686;11680;9333;11708;11679;11671
database	11619	http://www.ebi.ac.uk	https://bioinformatics.ca/links_directory/database/11619/european-bioinformatics-institute-ebi	The European Bioinformatics Institute (EBI)	The European Bioinformatics Institute (EMBL-EBI) provides access to a comprehensive, integrated set of biological data. Resources include information on genes, genomes, proteins, expression, literature, and molecular interactions as well as many other useful resources.	19934258;15215339	emblebi	http://en.wikipedia.org/wiki/European_Bioinformatics_Institute	category_id:89805;category_name:3-D Structure Retrieval/Viewing;category_path:Protein > 3-D Structure Retrieval/Viewing;category_id:89853;category_name:Annotation and Function;category_path:Protein > Annotation and Function;category_id:89819;category_name:Community;category_path:Education > Community;category_id:89882;category_name:Databases;category_path:DNA > Databases;category_id:89886;category_name:Databases;category_path:Expression > Databases;category_id:89885;category_name:Databases;category_path:Human Genome > Databases;category_id:89887;category_name:Databases;category_path:Literature > Databases;category_id:89884;category_name:Databases;category_path:Model Organisms > Databases;category_id:89883;category_name:Databases;category_path:Other Molecules > Databases;category_id:89881;category_name:Databases;category_path:Protein > Databases;category_id:89880;category_name:Databases;category_path:RNA > Databases;category_id:89811;category_name:Directories and Portals;category_path:Education > Directories and Portals;category_id:89806;category_name:Domains and Motifs;category_path:Protein > Domains and Motifs;category_id:89859;category_name:Multiple Sequence Alignments;category_path:Sequence Comparison > Multiple Sequence Alignments;category_id:89801;category_name:Sequence Retrieval;category_path:Protein > Sequence Retrieval;category_id:89797;category_name:Sequence Retrieval and Submission;category_path:DNA > Sequence Retrieval and Submission;category_id:89851;category_name:Similarity Searching and Classification;category_path:Sequence Comparison > Similarity Searching and Classification;category_id:89846;category_name:Transcript Expression Analysis;category_path:Expression > Transcript Expression Analysis	id:10731;name:NAR Web Server Issue 2004;id:11600;name:NAR Database Issue 2010	21376;11706;11718;11733;11728;11672;11671;11630;11355;13598;11730;11721;11702;11691;13500;11662;11861;11864;11708;11633;13364;11677;13360;11623;13218;11853;11396;11647;12244;11827;11818;11814;11770;11751;11748;11744;11743;11741;11740;11735;11734;11732;11727;11726;11724;11723;11912;11714;11712;11710;11709;12064;11700;11696;11690;11689;11682;11681;11679;11676;11675;11674;11669;11666;11665;11664;11659;11655;11654;11653;11648;11645;11641;11639;11637;11634;11628;11627;11625;11624;11889;11831;11620;11703;11841;11329;9354;11328;11327;11326;11312;11303;10684;10666;10633;10322;10256;9311;10185;10153;10131;10038;9238;9974;9353;9931;9896;9845;10745;9596		set_id:3579;set_name:European Bioinformatics Institute (EBI) Set
database	11620	http://www.nig.ac.jp/database/index-e.html	https://bioinformatics.ca/links_directory/database/11620/nbrp-resources	NBRP resources	The National BioResource Project (NBRP) is a system for collecting, preserving and providing bioresources for use as experimental materials for life science research. Thirty databases and an integrated database-retrieval system (BioResource World: BRW) have been created. BRW provides access to a collection of 4.5-million records on bioresources including wild species, inbred lines, mutants, genetically engineered lines, DNA clones, etc. BRW supports summary browsing, keyword searching, and searching by DNA sequences or gene ontology. The results of searches provide links to online requests for distribution of research materials.	19934255			category_id:89887;category_name:Databases;category_path:Literature > Databases	id:11600;name:NAR Database Issue 2010	11718;11733;11728;11672;11671;11630;11355;11685;11635;11730;11721;11693;11691;11684;11662;11656;11864;11708;11633;13364;11677;11623;11618;13218;11853;11647;11746;11619;12226;11910;11751;11748;11747;11744;11743;11741;11740;11738;11737;11736;11735;11734;11732;11727;11726;11724;11723;11912;11714;11713;11712;11710;11709;12064;11700;11699;11698;11696;11694;11690;11688;11687;11686;11683;11682;11681;11679;11678;11676;11675;11674;11673;11670;11666;11657;11654;11653;11648;11645;11641;11717;11639;11841;11703;11638;11637;11634;11632;11629;11628;11627;11626;11625;11624;11889;11831	tag_id:92;tag_name:algorithms;tag_id:1;tag_name:animals;tag_id:46;tag_name:computational biology;tag_id:102;tag_name:gene expression profiling;tag_id:101;tag_name:genetic databases;tag_id:17;tag_name:humans;tag_id:63;tag_name:japan;tag_id:42;tag_name:nucleic acid databases;tag_id:209;tag_name:plant genome;tag_id:13;tag_name:protein databases;tag_id:144;tag_name:viral genome
database	11669	http://www.jcvi.org/pn-utility	https://bioinformatics.ca/links_directory/database/11669/protein-naming-utility	Protein Naming Utility	The Protein Naming Utility (PNU) is a web-based database for storing and applying naming rules to identify and correct syntactically incorrect protein names, or to replace synonyms with their preferred name. The PNU allows users to generate and manage collections of naming rules, optionally building upon the growing body of rules generated at the J. Craig Venter Institute (JCVI). Users can check their protein names against a selected PNU rule collection, generating both statistics and corrected names. The PNU can also be used to correct GenBank table files prior to submission to GenBank.	20007151			category_id:89887;category_name:Databases;category_path:Literature > Databases;category_id:89881;category_name:Databases;category_path:Protein > Databases	id:11600;name:NAR Database Issue 2010	11643;11630;13378;11619;11735;11704;11694;11689;11682;11675;11673;11665;11642;11831;9877	tag_id:92;tag_name:algorithms;tag_id:1;tag_name:animals;tag_id:162;tag_name:automation;tag_id:46;tag_name:computational biology;tag_id:101;tag_name:genetic databases;tag_id:27;tag_name:genome;tag_id:17;tag_name:humans;tag_id:13;tag_name:protein databases;tag_id:8;tag_name:proteins;tag_id:234;tag_name:terminology as topic
database	11735	http://www.bionumbers.hms.harvard.edu	https://bioinformatics.ca/links_directory/database/11735/bionumbers	BioNumbers	BioNumbers (http://www.bionumbers.hms.harvard.edu) is a database of key numbers in molecular and cell biology--the quantitative properties of biological systems of interest to computational, systems and molecular cell biologists. Contents of the database range from cell sizes to metabolite concentrations, from reaction rates to generation times, from genome sizes to the number of mitochondria in a cell. All numbers are taken directly from a literature source and that reference is provided with the number.	19854939			category_id:89887;category_name:Databases;category_path:Literature > Databases	id:11600;name:NAR Database Issue 2010	11718;11733;11672;11685;13586;11730;11647;11619;11751;11750;11749;11742;11741;11740;11738;11734;11726;11724;11722;11912;11714;11713;11704;11700;11696;11695;11694;11692;11690;11688;11683;11678;11676;11674;11669;11666;11664;11659;11652;11645;11642;11637;11703;11634;11631;11628;11627;11889;11831;11620;9547	tag_id:92;tag_name:algorithms;tag_id:1;tag_name:animals;tag_id:210;tag_name:biological models;tag_id:1433;tag_name:cell biology;tag_id:46;tag_name:computational biology;tag_id:101;tag_name:genetic databases;tag_id:17;tag_name:humans;tag_id:240;tag_name:molecular biology;tag_id:42;tag_name:nucleic acid databases;tag_id:13;tag_name:protein databases;tag_id:1097;tag_name:systems biology;tag_id:235;tag_name:theoretical models
database	11829	http://ukpmc.ac.uk	https://bioinformatics.ca/links_directory/database/11829/ukpmc	UKPMC	UK PubMed Central (UKPMC) is a full-text article database that extends the functionality of the original PubMed Central (PMC) repository. Now includes both a UKPMC and PubMed search, as well as access to other records such as Agricola, Patents and recent biomedical theses. UKPMC also differs from PubMed/PMC in that the full text and abstract information can be searched in an integrated manner from one input box. Furthermore, UKPMC contains 'Cited By' information as an alternative way to navigate the literature and has incorporated text-mining approaches to semantically enrich content and integrate it with related database resources. Finally, UKPMC also offers added-value services (UKPMC+) that enable grantees to deposit manuscripts, link papers to grants, publish online portfolios and view citation information on their papers.	21062818		http://en.wikipedia.org/wiki/UKPMC	category_id:89887;category_name:Databases;category_path:Literature > Databases	id:11753;name:NAR Database Issue 2011	13826;11684;12437;11439;9342;10481;10448;10189;9281
database	11928	http://www.genenames.org	https://bioinformatics.ca/links_directory/database/11928/genenamesorg	genenames.org	genenames.org displays all approved nomenclature within Symbol Reports that contain data curated by HUGO Gene Nomenclature Committee (HGNC) editors and links to related genomic, phenotypic and proteomic information. New features include a new Quick Gene Search, a new List Search, an integrated HGNC BioMart and a new Statistics and Downloads facility.	20929869;17984084;14681406	genenames	http://en.wikipedia.org/wiki/HUGO_Gene_Nomenclature_Committee	category_id:89887;category_name:Databases;category_path:Literature > Databases	id:11753;name:NAR Database Issue 2011	12064;13360;11925;11671;11821;13558;11718;11416;11912;11857;11814;11763;11751;11748;11744;11730;11714;11688;11684;11677;10113;9304;11418;11717;11374;11357;11841;9282;10285	tag_id:1;tag_name:animals;tag_id:46;tag_name:computational biology;tag_id:4226;tag_name:gene symbols;tag_id:177;tag_name:genes;tag_id:101;tag_name:genetic databases;tag_id:292;tag_name:genetic variation;tag_id:44;tag_name:genomics;tag_id:53;tag_name:human genome;tag_id:17;tag_name:humans;tag_id:89718;tag_name:information storage and retrieval;tag_id:89708;tag_name:internet;tag_id:84;tag_name:mice;tag_id:4227;tag_name:nomenclature;tag_id:232;tag_name:phenotype;tag_id:305;tag_name:proteomics;tag_id:89710;tag_name:software;tag_id:141;tag_name:systems integration;tag_id:234;tag_name:terminology as topic;tag_id:89714;tag_name:user-computer interface
database	13378	http://www.jcvi.org/charprotdb/index.cgi/home	https://bioinformatics.ca/links_directory/database/13378/charprotdb	CharProtDB	CharProtDB is a curated database of biochemically characterized proteins. The initial data set in CharProtDB was collected through manual literature curation, and has been expanded by importing selected records from publicly available protein collections. Annotations in CharProtDB include gene name, symbol and various controlled vocabulary terms, including Gene Ontology terms, Enzyme Commission number and TransportDB accession.	22140108			category_id:89853;category_name:Annotation and Function;category_path:Protein > Annotation and Function;category_id:89804;category_name:Biochemical Features;category_path:Protein > Biochemical Features;category_id:89881;category_name:Databases;category_path:Protein > Databases;category_id:89887;category_name:Databases;category_path:Literature > Databases	id:13349;name:NAR Database Issue 2012	9909;10211;11669;11670;11702;11809;13365;13489;13498
https://bioinformatics.ca/links_directory/
resource	13478	http://dcv.uhnres.utoronto.ca/SCRIPDB/	https://bioinformatics.ca/links_directory/resource/13478/scripdb	SCRIPDB	Patents are a rich source of metadata about bioactive molecules, including mechanism of action, disease class, homologous experimental series, structural alternatives, or the synthetic pathways used to produce molecules of interest. SCRIPDB is a chemical structure database designed to make this data available. 	22067445			category_id:89887;category_name:Databases;category_path:Literature > Databases	id:13349;name:NAR Database Issue 2012	11625;10397;9281;11344;11706;11655		set_id:1444;set_name:University of Toronto Set
database	13485	http://crdd.osdd.net/raghava/ccpdb/	https://bioinformatics.ca/links_directory/database/13485/ccpdb	ccPDB	ccPDB (Compilation and Creation of datasets from PDB) is designed to provide service to scientific community working in the field of function or structure annoation of proteins. This database of datasets is complied from the literature and the Protein Data Bank (PDB), where all datasets were derived from PDB.  	22139939			category_id:89881;category_name:Databases;category_path:Protein > Databases;category_id:89887;category_name:Databases;category_path:Literature > Databases	id:13349;name:NAR Database Issue 2012	9976;9848;9490;10042;10060;10102;10131;10187;10243;10423;10572;10643;11271;11878;11435;11807;13481;9828;9399
database	13535	http://mint.bio.uniroma2.it/mint/Welcome.do	https://bioinformatics.ca/links_directory/database/13535/mint	MINT	Molecular INTeraction database. MINT focuses on experimentally verified protein-protein interactions mined from the scientific literature by expert curators. The full MINT dataset can be freely downloaded.	22096227			category_id:89881;category_name:Databases;category_path:Protein > Databases;category_id:89887;category_name:Databases;category_path:Literature > Databases;category_id:89807;category_name:Networks & Interactions, Pathways and Enzymes;category_path:Protein > Networks & Interactions, Pathways and Enzymes	id:13349;name:NAR Database Issue 2012	13536;13415;13412;13416;11447;11935;11934;11914;11884;11813;11796;11781;11755;11704;11702;11703;11386;11302;10465
resource	27099	http://dgidb.genome.wustl.edu/	https://bioinformatics.ca/links_directory/resource/27099/dgidb-mining-druggable-genome	DGIdb - Mining the Druggable Genome	The Drug-Gene Interaction database (DGIdb) mines existing resources that generate hypotheses about how genes might be targeted therapeutically or prioritized for drug development. It provides an interface for searching lists of genes against a compendium of drug-gene interactions and potentially 'druggable' genes.	24122041			category_id:89816;category_name:Annotations;category_path:Human Genome > Annotations;category_id:89856;category_name:Annotations;category_path:DNA > Annotations;category_id:89876;category_name:Compounds;category_path:Other Molecules > Compounds;category_id:89887;category_name:Databases;category_path:Literature > Databases;category_id:89885;category_name:Databases;category_path:Human Genome > Databases;category_id:89882;category_name:Databases;category_path:DNA > Databases;category_id:89815;category_name:Databases;category_path:Computer Related > Databases;category_id:89814;category_name:Genomics;category_path:Human Genome > Genomics;category_id:89854;category_name:Health and Disease;category_path:Human Genome > Health and Disease;category_id:89866;category_name:Open Access Resources;category_path:Literature > Open Access Resources;category_id:89870;category_name:Web Services;category_path:Computer Related > Web Services		11748;9257;10319;9307;10391;11671;11310;11722