{
	"class" : {
		"new" : "lr 1/24/2008 12:34",
		"new:" : "jf 3/13/2009 18:19",
		"withAll:" : "jf 2/15/2010 22:50" },
	"instance" : {
		"add:" : "lr 7/25/2011 19:51",
		"addAll:" : "pmm 8/26/2016 15:59",
		"associations" : "lr 10/28/2007 14:42",
		"associationsDo:" : "lr 8/20/2007 13:45",
		"at:" : "lr 10/28/2007 14:42",
		"at:ifAbsent:" : "lr 10/28/2007 14:42",
		"at:ifAbsentPut:" : "lr 10/28/2007 14:42",
		"at:ifPresent:" : "lr 10/28/2007 14:42",
		"at:put:" : "lr 10/28/2007 14:42",
		"do:" : "jf 12/29/2009 20:38",
		"errorKeyNotFound" : "lr 7/12/2007 13:18",
		"findIndexFor:" : "lr 10/28/2007 14:42",
		"grow" : "lr 6/6/2007 19:12",
		"includesKey:" : "lr 10/28/2007 14:42",
		"initialize:" : "jf 3/13/2009 17:48",
		"isCollection" : "jf 2/15/2010 15:47",
		"isEmpty" : "lr 7/9/2007 08:13",
		"keys" : "lr 7/9/2007 10:37",
		"keysAndValuesDo:" : "lr 6/7/2007 08:04",
		"keysDo:" : "lr 8/17/2007 11:52",
		"postCopy" : "lr 7/9/2007 07:50",
		"printOn:" : "pmm 1/22/2012 16:32",
		"privateAt:put:" : "lr 6/6/2007 19:28",
		"removeIndex:" : "jf 2/15/2010 14:33",
		"removeKey:" : "lr 7/12/2007 13:18",
		"removeKey:ifAbsent:" : "jf 2/15/2010 14:40",
		"size" : "lr 7/9/2007 10:38",
		"values" : "lr 7/9/2007 10:38" } }
