{
	"instance" : {
		"pointsWithDist:to:" : " 3/24/2017 02:22:20",
		"initializeWithA:b:c:" : " 3/24/2017 02:22:20",
		"yFor:" : " 3/24/2017 02:22:20",
		"hasPoint:" : " 3/24/2017 02:22:20",
		"c" : " 3/24/2017 02:22:20",
		"dist:" : " 3/24/2017 02:22:20",
		"cutWith:" : " 3/24/2017 02:22:20",
		"a" : " 3/24/2017 02:22:20",
		"intersect:" : " 3/24/2017 02:22:20",
		"hasPoint:withApproximation:" : "AlexandreBergel 3/31/2017 16:36",
		"xFor:" : " 3/24/2017 02:22:20",
		"asLine" : " 3/24/2017 02:22:20",
		"hash" : " 3/24/2017 02:22:20",
		"parallelTo:" : " 3/24/2017 02:22:20",
		"pointsWithDist1:to:" : " 3/24/2017 02:22:20",
		"=" : "AlexandreBergel 4/3/2017 18:48",
		"b" : " 3/24/2017 02:22:20",
		"through:and:hasPoint:" : " 3/24/2017 02:22:20",
		"printOn:" : " 3/24/2017 02:22:20"
	},
	"class" : {
		"through:and:" : " 3/24/2017 02:22:20",
		"a:b:c:" : " 3/24/2017 02:22:20"
	}
}