{
	"class" : {
		"allCodecs" : "pmm 6/28/2009 16:35",
		"basicForEncoding:" : "pmm 6/28/2009 16:40",
		"codecs" : "jf 2/7/2009 20:27",
		"forEncoding:" : "lr 7/25/2011 19:46",
		"supportsEncoding:" : "pmm 6/28/2009 16:40",
		"unsupportedEncoding:" : "lr 7/25/2011 19:46" },
	"instance" : {
		"decode:" : "pmm 8/26/2011 09:47",
		"decoderFor:" : "lr 2/7/2009 09:41",
		"encode:" : "pmm 8/26/2011 09:48",
		"encoderFor:" : "lr 2/7/2009 09:41",
		"name" : "lr 2/7/2009 10:16",
		"printOn:" : "lr 2/7/2009 10:17",
		"url" : "lr 2/7/2009 11:54" } }
