{
	"instance" : {
		"radius" : " 3/24/2017 02:22:20",
		"=" : " 3/24/2017 02:22:20",
		"startAngle" : " 3/24/2017 02:22:20",
		"endAngle" : " 3/24/2017 02:22:20",
		"setCircle:startAngle:endAngle:" : " 3/24/2017 02:22:20",
		"center" : " 3/24/2017 02:22:20",
		"circle" : " 3/24/2017 02:22:20",
		"intersectLineSegment:" : " 3/24/2017 02:22:20"
	},
	"class" : {
		"circle:startAngle:endAngle:" : " 3/24/2017 02:22:20",
		"center:radius:startAngle:endAngle:" : " 3/24/2017 02:22:20"
	}
}