{
	"class" : {
		"initialize" : "lr 7/25/2011 19:46" },
	"instance" : {
		"crlf" : "pmm 4/10/2010 13:28",
		"encodeDefault:" : "lr 7/25/2011 18:36",
		"encodeFast:" : "lr 7/25/2011 19:51",
		"greaseNext:putAll:startingAt:" : "pmm 8/15/2011 21:32",
		"greaseNext:putAllFast:startingAt:" : "pmm 5/24/2014 15:17",
		"invalidUtf8" : "jf 9/30/2009 00:39",
		"next" : "pmm 2/17/2010 20:09",
		"next:" : "pmm 2/17/2012 08:00",
		"nextPut:" : "lr 7/25/2011 19:51",
		"nextPutAll:" : "pmm 4/10/2010 13:28" } }
