{
	"class" : {
		"abbreviatedMonthName" : "lr 7/24/2008 13:59",
		"abbreviatedWeekName" : "lr 7/24/2008 14:25",
		"absOffsetHoursPadded" : "jf 9/30/2009 00:32",
		"absOffsetMinutesPadded" : "jf 9/30/2009 00:32",
		"binaryFileSize" : "lr 2/19/2012 13:00",
		"cookieTimestamp" : "lr 2/19/2012 13:01",
		"decimalFileSize" : "lr 2/19/2012 13:00",
		"fullMonthName" : "lr 7/24/2008 13:59",
		"fullWeekName" : "lr 7/24/2008 14:25",
		"httpDate" : "lr 2/19/2012 13:01",
		"isoDate" : "pmm 8/19/2014 10:06",
		"isoTime" : "pmm 8/19/2014 10:05",
		"monthName:" : "jf 9/30/2009 00:32",
		"numberWithAtLeastDigits:" : "lr 2/19/2012 13:00",
		"offsetSign" : "jf 9/30/2009 00:33",
		"paddedCentury" : "jf 9/30/2009 00:32",
		"paddedDay" : "jf 9/30/2009 00:32",
		"paddedHour12" : "jf 9/30/2009 00:32",
		"paddedHour24" : "jf 9/30/2009 00:32",
		"paddedMinute" : "jf 9/30/2009 00:32",
		"paddedMonth" : "jf 9/30/2009 00:32",
		"paddedSecond" : "jf 9/30/2009 00:32",
		"paddedYear" : "jf 9/30/2009 00:32",
		"rfc1123" : "lr 2/19/2012 13:01",
		"rfc822" : "pmm 8/19/2014 10:06",
		"rfc822WithTimeZone:" : "lr 2/19/2012 13:02",
		"swissCurrency" : "jf 9/30/2009 00:33",
		"unpaddedCentury" : "jf 9/30/2009 00:32",
		"unpaddedDay" : "jf 9/30/2009 00:32",
		"unpaddedHour12" : "jf 9/30/2009 00:32",
		"unpaddedHour24" : "jf 9/30/2009 00:32",
		"unpaddedMinute" : "jf 9/30/2009 00:32",
		"unpaddedMonth" : "jf 9/30/2009 00:32",
		"unpaddedSecond" : "jf 9/30/2009 00:32",
		"unpaddedYear" : "jf 9/30/2009 00:32",
		"usCurrency" : "jf 9/30/2009 00:33",
		"weekName:" : "jf 9/30/2009 00:32" },
	"instance" : {
		"," : "jf 9/30/2009 00:33",
		"pad:center:to:" : "jok 1/26/2010 09:56",
		"pad:left:to:" : "jok 1/26/2010 09:56",
		"pad:right:to:" : "jok 1/26/2010 09:56",
		"print:" : "lr 2/7/2008 10:37",
		"print:on:" : "lr 7/25/2008 19:51" } }
