{
	"class" : {
		"initialize" : "pmm 5/20/2010 11:49",
		"initializeUrlTable" : "pmm 5/20/2010 20:56",
		"initializeXmlTable" : "pmm 5/20/2010 20:56",
		"unload" : "jf 1/22/2009 02:45" },
	"instance" : {
		"addToShutDownList:" : "jf 1/21/2009 17:31",
		"addToStartUpList:" : "jf 1/21/2009 17:31",
		"asMethodReturningByteArray:named:" : "lr 7/25/2011 19:51",
		"asMethodReturningByteArrayLiteral:named:" : "lr 7/25/2011 19:51",
		"asMethodReturningByteArrayWithCache:named:" : "pmm 2/20/2009 17:44",
		"base64Decode:" : "jf 1/21/2009 17:31",
		"bindingOf:" : "JohanBrichau 7/12/2015 17:21",
		"compile:into:classified:" : "pmm 9/12/2013 11:28",
		"contentsOfFile:binary:" : "JohanBrichau 10/4/2014 10:05",
		"directoriesIn:" : "pmm 8/19/2012 10:19",
		"doSilently:" : "pmm 9/12/2013 17:55",
		"ensureExistenceOfFolder:" : "pmm 8/13/2012 21:29",
		"fileExists:" : "JohanBrichau 10/4/2014 10:05",
		"fileStreamOn:do:binary:" : "JohanBrichau 10/4/2014 10:05",
		"filesIn:" : "pmm 8/19/2012 10:18",
		"isProcessTerminated:" : "jf 2/6/2009 15:58",
		"label" : "jf 2/9/2010 00:56",
		"localNameOf:" : "pmm 8/19/2012 10:19",
		"newRandom" : "pmm 10/7/2010 13:10",
		"newline" : "lr 4/15/2010 19:14",
		"openDebuggerOn:" : "pmm 1/22/2012 16:31",
		"pathSeparator" : "pmm 8/4/2012 12:38",
		"readWriteByteStream" : "dkh 9/4/2009 09:14",
		"readWriteCharacterStream" : "dkh 9/4/2009 09:14",
		"removeFromShutDownList:" : "jf 1/21/2009 17:31",
		"removeFromStartUpList:" : "jf 1/21/2009 17:31",
		"removeSelector:from:" : "jf 1/21/2009 17:31",
		"secureHashFor:" : "jf 1/21/2009 17:31",
		"semaphoreClass" : "lr 7/25/2011 19:51",
		"stackDepth" : "jf 1/21/2009 17:31",
		"terminateProcess:" : "jf 2/6/2009 15:59",
		"useByteArrayLiterals" : "pmm 8/4/2012 12:39",
		"weakDictionaryOfSize:" : "lr 7/25/2011 19:51",
		"write:toFile:inFolder:" : "pmm 8/4/2012 13:02",
		"writeCharacterStreamOn:" : "pmm 8/26/2011 09:45" } }
