{
	"instance" : {
		"testCutWith" : " 3/24/2017 02:22:20",
		"testEquel3" : " 3/24/2017 02:22:20",
		"testDist" : " 3/24/2017 02:22:20",
		"testIntersect" : " 3/24/2017 02:22:20",
		"testHasPoint" : " 3/24/2017 02:22:20",
		"testHasPoint2" : " 3/24/2017 02:22:20",
		"testEquel" : " 3/24/2017 02:22:20",
		"testParallelTo" : " 3/24/2017 02:22:20",
		"testEquel2" : " 3/24/2017 02:22:20",
		"testIntersect1" : " 3/24/2017 02:22:20",
		"testThroughAndHasPoint" : " 3/24/2017 02:22:20",
		"testEquel4" : " 3/24/2017 02:22:20",
		"testEquel1" : " 3/24/2017 02:22:20"
	},
	"class" : { }
}