{
	"instance" : {
		"testCircumscribedCircle3" : " 3/24/2017 02:22:20",
		"testIsDegenerate2" : " 3/24/2017 02:22:20",
		"testSemiperimeter" : " 3/24/2017 02:22:20",
		"testPerimeter" : " 3/24/2017 02:22:20",
		"testCircumscribedCircle2" : " 3/24/2017 02:22:20",
		"testIsDegenerate" : " 3/24/2017 02:22:20",
		"testIsDegenerate4" : " 3/24/2017 02:22:20",
		"testArea" : " 3/24/2017 02:22:20",
		"testCircumscribedCircle1" : " 3/24/2017 02:22:20",
		"testCircumscribedCircle" : " 3/24/2017 02:22:20",
		"testIsDegenerate3" : " 3/24/2017 02:22:20"
	},
	"class" : { }
}